timestamp,text,ticker,source,label_bucket,text_clean,POSITIVE,NEUTRAL,NEGATIVE,pred_label,pred_score
2025-08-16T00:29:21,IMO: TSLA massive beat üò§ #AI DYOR,TSLA,news,positive,imo: tsla massive beat dyor,0.00018838257528841496,0.9993823766708374,0.00042928289622068405,NEUTRAL,0.9993823766708374
2025-08-16T01:13:21,$AAPL @jimcramer Breaking: AAPL waiting for earnings üìå DYOR,AAPL,news,neutral,breaking: aapl waiting for earnings dyor,0.04227003827691078,0.8000788688659668,0.15765102207660675,NEUTRAL,0.8000788688659668
2025-08-16T02:06:21,$SOFI @barronsonline FYI: SOFI sector rotation üì∞ #earnings,SOFI,news,neutral,fyi: sofi sector rotation,0.0019458354217931628,0.9587398171424866,0.03931441903114319,NEUTRAL,0.9587398171424866
2025-08-16T02:17:21,$AAPL Update: AAPL profit warning ‚ùå,AAPL,reddit,negative,update: aapl profit warning,0.8291307091712952,0.007274685427546501,0.16359452903270721,POSITIVE,0.8291307091712952
2025-08-16T03:28:21,$TSLA Breaking: TSLA strong demand ‚úÖ #stocks,TSLA,twitter,positive,breaking: tsla strong demand,1.0,2.973716384246927e-09,5.417216009107051e-09,POSITIVE,1.0
2025-08-16T05:39:21,Update: SOFI strong demand üò§ DYOR,SOFI,reddit,positive,update: sofi strong demand dyor,1.0,1.216121869873632e-08,1.0511216785857869e-08,POSITIVE,1.0
2025-08-16T06:04:21,$TSLA Breaking: TSLA solid earnings üò§ #AI,TSLA,twitter,positive,breaking: tsla solid earnings,1.0,4.211591519975855e-09,1.027705121003919e-08,POSITIVE,1.0
2025-08-16T07:09:21,@elonmusk TSLA rumors circulating üì∞,TSLA,twitter,neutral,tsla rumors circulating,1.545066334074363e-05,0.996803879737854,0.0031806910410523415,NEUTRAL,0.996803879737854
2025-08-16T07:34:21,$SMR @jimcramer Update: SMR margin pressure ‚ùå #earnings DYOR,SMR,twitter,negative,update: smr margin pressure dyor,0.00018192199058830738,7.631433254573494e-05,0.9997417330741882,NEGATIVE,0.9997417330741882
2025-08-16T08:28:21,$MP Heads up: MP CEO interview airs üìå #markets DYOR,MP,reddit,neutral,heads up: mp ceo interview airs dyor,6.617959797949879e-07,0.9999734163284302,2.5878713131533004e-05,NEUTRAL,0.9999734163284302
2025-08-16T08:54:21,$SMR FYI: SMR rips higher üöÄ,SMR,news,positive,fyi: smr rips higher,0.9996590614318848,0.0003378047258593142,3.1428421607415657e-06,POSITIVE,0.9996590614318848
2025-08-16T09:00:21,$NVDA Update: NVDA files 10-Q üîç,NVDA,reddit,neutral,update: nvda files 10-q,1.0589038538455497e-05,0.9999743700027466,1.506852640886791e-05,NEUTRAL,0.9999743700027466
2025-08-16T09:05:21,@elonmusk Breaking: MP shares unchanged üì∞ https://news.site/sfqgmxvc,MP,news,neutral,breaking: mp shares unchanged,0.06136905774474144,0.9384846091270447,0.0001463524968130514,NEUTRAL,0.9384846091270447
2025-08-16T12:11:21,$NVDA Heads up: NVDA beats expectations üíé #AI,NVDA,twitter,positive,heads up: nvda beats expectations,1.0,2.6225792648659763e-09,6.326473567241919e-09,POSITIVE,1.0
2025-08-16T12:50:21,Heads up: AAPL rips higher üò§ #fintwit DYOR,AAPL,twitter,positive,heads up: aapl rips higher dyor,0.9996144771575928,0.0003729308082256466,1.2552682164823636e-05,POSITIVE,0.9996144771575928
2025-08-16T13:11:21,$NVDA @elonmusk Heads up: NVDA costs under control üíé,NVDA,twitter,positive,heads up: nvda costs under control,0.18883396685123444,0.000261688488535583,0.8109043836593628,NEGATIVE,0.8109043836593628
2025-08-16T15:36:21,FYI: SMR massive beat üî• https://blog.finance/ukrtgesjbm DYOR,SMR,news,positive,fyi: smr massive beat dyor,0.060476355254650116,0.9357851147651672,0.003738573519513011,NEUTRAL,0.9357851147651672
2025-08-16T16:09:21,$SOFI IMO: SOFI supply issues üí• #markets https://news.site/qkznyczezg DYOR,SOFI,reddit,negative,imo: sofi supply issues dyor,2.0255961317161564e-06,0.00023707016953267157,0.9997609257698059,NEGATIVE,0.9997609257698059
2025-08-16T16:24:21,$SOFI Breaking: SOFI lawsuit risk üò¨ #options http://example.com/aynstrjbrii,SOFI,reddit,negative,breaking: sofi lawsuit risk,0.00024497328558936715,5.901339682168327e-05,0.9996960163116455,NEGATIVE,0.9996960163116455
2025-08-16T17:40:21,$MP @jimcramer Heads up: MP analyst upgrade üíé #fintwit,MP,reddit,positive,heads up: mp analyst upgrade,0.9915876984596252,0.008307700976729393,0.00010462530917720869,POSITIVE,0.9915876984596252
2025-08-16T17:49:21,$MP @bespokeinvest Breaking: MP dilution fears üí• #fintwit,MP,news,negative,breaking: mp dilution fears,0.4190949499607086,0.05739806964993477,0.5235069394111633,NEGATIVE,0.5235069394111633
2025-08-16T18:24:21,$MP @barronsonline MP new ATH ‚úÖ #stocks https://blog.finance/cygiudbzpt,MP,reddit,positive,mp new ath,0.019543057307600975,0.9776870012283325,0.002770044142380357,NEUTRAL,0.9776870012283325
2025-08-16T18:44:21,$MP @cnbc FYI: MP crushing it üò§ http://example.com/fusmoxddmno,MP,news,positive,fyi: mp crushing it,0.008018548600375652,0.9910041093826294,0.000977393938228488,NEUTRAL,0.9910041093826294
2025-08-16T19:13:21,@bespokeinvest IMO: SOFI AI tailwinds üò§,SOFI,news,positive,imo: sofi ai tailwinds,0.00032245824695564806,0.9990578293800354,0.0006196724134497344,NEUTRAL,0.9990578293800354
2025-08-16T19:19:21,$NVDA IMO: NVDA execution concerns ü§¶ http://example.com/gixcdjdfk,NVDA,twitter,negative,imo: nvda execution concerns,2.8391710316100216e-07,1.828776277079669e-07,0.9999995231628418,NEGATIVE,0.9999995231628418
2025-08-16T19:40:21,$SOFI @unusual_whales Update: SOFI unveils new product ü§î https://blog.finance/myhkxvntuxm,SOFI,reddit,neutral,update: sofi unveils new product,0.5240821838378906,0.47522157430648804,0.0006962058832868934,POSITIVE,0.5240821838378906
2025-08-16T19:43:21,$SOFI SOFI strong demand üíé #AI,SOFI,twitter,positive,sofi strong demand,1.0,4.948800036430612e-09,5.18418152850586e-09,POSITIVE,1.0
2025-08-16T19:49:21,$SMR Breaking: SMR dilution fears üìâ https://news.site/bjfitjt,SMR,twitter,negative,breaking: smr dilution fears,0.09625287353992462,0.03320610150694847,0.870540976524353,NEGATIVE,0.870540976524353
2025-08-16T21:50:21,$NVDA @wsj FYI: NVDA weak outlook ü©ª,NVDA,twitter,negative,fyi: nvda weak outlook,2.69023053078854e-06,6.709722555342523e-08,0.9999972581863403,NEGATIVE,0.9999972581863403
2025-08-16T21:51:21,$AAPL @barronsonline AAPL crushing it üöÄ #fintwit,AAPL,twitter,positive,aapl crushing it,0.9813312292098999,0.014363383874297142,0.004305328242480755,POSITIVE,0.9813312292098999
2025-08-16T22:07:21,FYI: NVDA margin pressure ‚ùå http://example.com/oxjyfpvgs,NVDA,twitter,negative,fyi: nvda margin pressure,1.1534225450304803e-05,1.2068770161022258e-07,0.999988317489624,NEGATIVE,0.999988317489624
2025-08-16T23:43:21,$MP Breaking: MP record revenue üöÄ #AI DYOR,MP,news,positive,breaking: mp record revenue dyor,1.0,9.141714052418592e-09,4.752767068794128e-08,POSITIVE,1.0
2025-08-17T00:04:21,$MP @wsj MP beats expectations ‚úÖ DYOR,MP,reddit,positive,mp beats expectations dyor,0.9999998807907104,1.6532805346969326e-08,1.1626563889421959e-07,POSITIVE,0.9999998807907104
2025-08-17T01:09:21,$TSLA IMO: TSLA rumors circulating üìå #markets,TSLA,news,neutral,imo: tsla rumors circulating,3.156530681280856e-07,0.9999352693557739,6.438100535888225e-05,NEUTRAL,0.9999352693557739
2025-08-17T01:39:21,$TSLA @bespokeinvest TSLA shares unchanged üîç #stocks,TSLA,twitter,neutral,tsla shares unchanged,7.95917549112346e-06,0.9999723434448242,1.9670049368869513e-05,NEUTRAL,0.9999723434448242
2025-08-17T01:55:21,$SOFI SOFI sector rotation üìå,SOFI,twitter,neutral,sofi sector rotation,0.018168287351727486,0.7072300314903259,0.27460166811943054,NEUTRAL,0.7072300314903259
2025-08-17T02:44:21,$TSLA FYI: TSLA crushing it üò§,TSLA,twitter,positive,fyi: tsla crushing it,4.417724994709715e-06,0.9994534850120544,0.0005420712404884398,NEUTRAL,0.9994534850120544
2025-08-17T03:54:21,$AAPL @jimcramer Update: AAPL guidance raised üî• #options,AAPL,twitter,positive,update: aapl guidance raised,0.9999995231628418,4.3856968545696873e-07,2.2149929890247222e-08,POSITIVE,0.9999995231628418
2025-08-17T04:14:21,$MP @wsj FYI: MP macro headwinds üò¨ #fintwit https://blog.finance/ethptpz,MP,news,negative,fyi: mp macro headwinds,8.082843692136521e-07,3.034531630419224e-07,0.999998927116394,NEGATIVE,0.999998927116394
2025-08-17T04:19:21,$NVDA FYI: NVDA macro headwinds üí• #stocks,NVDA,twitter,negative,fyi: nvda macro headwinds,8.954640975389339e-07,3.637951806467754e-07,0.9999986886978149,NEGATIVE,0.9999986886978149
2025-08-17T05:23:21,$TSLA @wsj IMO: TSLA AI tailwinds ‚úÖ #earnings http://example.com/ymvkbqbdo,TSLA,news,positive,imo: tsla ai tailwinds,3.775719233090058e-05,0.9997636675834656,0.00019853454432450235,NEUTRAL,0.9997636675834656
2025-08-17T06:16:21,$TSLA FYI: TSLA missed revenue üìâ,TSLA,twitter,negative,fyi: tsla missed revenue,1.7756867976004287e-07,5.303640904230633e-08,0.9999997615814209,NEGATIVE,0.9999997615814209
2025-08-17T06:44:21,$NVDA @jimcramer Breaking: NVDA strong demand üíé http://example.com/reebalphg,NVDA,news,positive,breaking: nvda strong demand,1.0,1.6490596665974522e-09,7.58172546966307e-09,POSITIVE,1.0
2025-08-17T06:47:21,MP conference next week ü§î #markets,MP,reddit,neutral,mp conference next week,2.5506528800178785e-07,0.9999991655349731,5.690719717676984e-07,NEUTRAL,0.9999991655349731
2025-08-17T06:52:21,Breaking: SMR expansion continues üî• #markets https://blog.finance/lmhkholpx,SMR,twitter,positive,breaking: smr expansion continues,0.9997707009315491,0.0002273845748277381,1.951459580595838e-06,POSITIVE,0.9997707009315491
2025-08-17T07:36:21,$SMR Update: SMR misses badly ü©ª #stocks,SMR,reddit,negative,update: smr misses badly,0.0028639868833124638,0.00014585061580874026,0.9969900846481323,NEGATIVE,0.9969900846481323
2025-08-17T09:22:21,$NVDA Heads up: NVDA beats expectations üî• #options,NVDA,news,positive,heads up: nvda beats expectations,1.0,2.6225792648659763e-09,6.326473567241919e-09,POSITIVE,1.0
2025-08-17T10:25:21,$AAPL FYI: AAPL macro headwinds üìâ #investing,AAPL,reddit,negative,fyi: aapl macro headwinds,7.511381454605726e-07,4.6926953700676677e-07,0.9999988079071045,NEGATIVE,0.9999988079071045
2025-08-17T10:40:21,$SOFI @elonmusk IMO: SOFI misses badly üìâ DYOR,SOFI,news,negative,imo: sofi misses badly dyor,0.00020158608094789088,0.04929504916071892,0.9505032896995544,NEGATIVE,0.9505032896995544
2025-08-17T11:23:21,$SMR @unusual_whales IMO: SMR strong demand üöÄ DYOR,SMR,reddit,positive,imo: smr strong demand dyor,1.0,8.276290763831184e-09,1.1301414915010355e-08,POSITIVE,1.0
2025-08-17T14:06:21,@elonmusk SMR shares unchanged üîç http://example.com/ooczxldvm,SMR,twitter,neutral,smr shares unchanged,6.656243203906342e-05,0.9999241828918457,9.238948223355692e-06,NEUTRAL,0.9999241828918457
2025-08-17T14:26:21,$SMR FYI: SMR shares unchanged üîç #fintwit,SMR,news,neutral,fyi: smr shares unchanged,4.036187874589814e-06,0.9999866485595703,9.283227882406209e-06,NEUTRAL,0.9999866485595703
2025-08-17T14:27:21,$SMR IMO: SMR files 10-Q üì∞ #markets,SMR,news,neutral,imo: smr files 10-q,4.851488029089523e-07,0.9999538660049438,4.5642500481335446e-05,NEUTRAL,0.9999538660049438
2025-08-17T15:20:21,$NVDA FYI: NVDA shares unchanged üßæ #AI https://blog.finance/liesogubtsv,NVDA,news,neutral,fyi: nvda shares unchanged,0.00022694880317430943,0.999679684638977,9.347702871309593e-05,NEUTRAL,0.999679684638977
2025-08-17T18:04:21,$SMR FYI: SMR unveils new product ü§î #markets,SMR,reddit,neutral,fyi: smr unveils new product,2.599108711365261e-06,0.9999314546585083,6.597668107133359e-05,NEUTRAL,0.9999314546585083
2025-08-17T18:04:21,@bespokeinvest Heads up: MP selloff incoming üìâ,MP,news,negative,heads up: mp selloff incoming,0.0006336935912258923,0.998904824256897,0.0004614890494849533,NEUTRAL,0.998904824256897
2025-08-17T18:47:21,Update: MP expansion continues üöÄ #earnings,MP,reddit,positive,update: mp expansion continues,0.9997851252555847,0.00020791871065739542,6.860228040750371e-06,POSITIVE,0.9997851252555847
2025-08-17T19:31:21,$SOFI Heads up: SOFI beats expectations üìà,SOFI,news,positive,heads up: sofi beats expectations,1.0,7.499057375071061e-09,1.648060532488671e-08,POSITIVE,1.0
2025-08-17T19:55:21,$AAPL Breaking: AAPL partnership win üöÄ #markets https://news.site/lgkreepjrm,AAPL,news,positive,breaking: aapl partnership win,0.9999986886978149,5.556903488468379e-07,6.963567216189404e-07,POSITIVE,0.9999986886978149
2025-08-17T20:01:21,$TSLA IMO: TSLA expansion continues üíé DYOR,TSLA,reddit,positive,imo: tsla expansion continues dyor,0.022232577204704285,0.9775291681289673,0.00023819277703296393,NEUTRAL,0.9775291681289673
2025-08-17T20:26:21,$SOFI @wsj IMO: SOFI solid earnings üíé https://news.site/cjjhsavkawuz,SOFI,reddit,positive,imo: sofi solid earnings,1.0,3.1619080687050882e-09,5.5899658235603056e-09,POSITIVE,1.0
2025-08-17T20:44:21,$MP @unusual_whales Heads up: MP AI tailwinds üíé #fintwit,MP,reddit,positive,heads up: mp ai tailwinds,0.998171329498291,0.0008376616751775146,0.000990946195088327,POSITIVE,0.998171329498291
2025-08-17T20:57:21,$MP MP no material update ü§î #markets,MP,news,neutral,mp no material update,0.00021522410679608583,0.9962132573127747,0.0035715766716748476,NEUTRAL,0.9962132573127747
2025-08-17T21:25:21,$MP @cnbc FYI: MP rips higher üíé,MP,twitter,positive,fyi: mp rips higher,0.9999078512191772,8.859638182912022e-05,3.5608888993010623e-06,POSITIVE,0.9999078512191772
2025-08-17T23:03:21,$SMR IMO: SMR AI tailwinds üî• https://news.site/mbtfrr,SMR,reddit,positive,imo: smr ai tailwinds,0.00016630225582048297,0.9997085928916931,0.00012507814972195774,NEUTRAL,0.9997085928916931
2025-08-18T01:07:21,$SMR IMO: SMR guidance cut üìâ #investing,SMR,reddit,negative,imo: smr guidance cut,0.0001559681841172278,0.00022615224588662386,0.9996178150177002,NEGATIVE,0.9996178150177002
2025-08-18T04:50:21,$MP @bespokeinvest Heads up: MP rips higher üò§ http://example.com/xhkdyhmcxdlr,MP,reddit,positive,heads up: mp rips higher,0.9998117089271545,0.0001825503131840378,5.73196712139179e-06,POSITIVE,0.9998117089271545
2025-08-18T06:37:21,IMO: SMR trading flat ü§î,SMR,reddit,neutral,imo: smr trading flat,2.2789934064348927e-06,0.9999301433563232,6.760279211448506e-05,NEUTRAL,0.9999301433563232
2025-08-18T06:38:21,$MP @wsj Breaking: MP crushing it ‚úÖ,MP,reddit,positive,breaking: mp crushing it,0.18596814572811127,0.8102235794067383,0.003808230860158801,NEUTRAL,0.8102235794067383
2025-08-18T07:15:21,$MP IMO: MP unveils new product üîç #fintwit,MP,reddit,neutral,imo: mp unveils new product,5.662391413352452e-05,0.9996970891952515,0.00024636686430312693,NEUTRAL,0.9996970891952515
2025-08-18T09:32:21,FYI: AAPL sector rotation ü§î #markets,AAPL,twitter,neutral,fyi: aapl sector rotation,0.7411034107208252,0.22887717187404633,0.03001941740512848,POSITIVE,0.7411034107208252
2025-08-18T09:56:21,$TSLA Heads up: TSLA record revenue üî• http://example.com/ucwdjupag DYOR,TSLA,reddit,positive,heads up: tsla record revenue dyor,1.0,9.748209350846082e-09,1.2467007870498037e-08,POSITIVE,1.0
2025-08-18T10:10:21,$SOFI @wsj Update: SOFI rips higher üò§ #AI,SOFI,news,positive,update: sofi rips higher,0.9997254014015198,0.00027136606513522565,3.1597787710779812e-06,POSITIVE,0.9997254014015198
2025-08-18T10:23:21,$AAPL Breaking: AAPL no material update üßæ #AI,AAPL,news,neutral,breaking: aapl no material update,9.395367669640109e-05,0.9988592863082886,0.0010467639658600092,NEUTRAL,0.9988592863082886
2025-08-18T11:07:21,$AAPL @bespokeinvest FYI: AAPL range-bound action üîç #earnings,AAPL,reddit,neutral,fyi: aapl range-bound action,0.001571278553456068,0.9979395270347595,0.0004891200223937631,NEUTRAL,0.9979395270347595
2025-08-18T12:02:21,$MP @bespokeinvest IMO: MP waiting for earnings üßæ #investing https://blog.finance/lxkvksii,MP,reddit,neutral,imo: mp waiting for earnings,0.037379972636699677,0.011312857270240784,0.9513072371482849,NEGATIVE,0.9513072371482849
2025-08-18T12:13:21,$TSLA @barronsonline Breaking: TSLA market indecisive üì∞ DYOR,TSLA,news,neutral,breaking: tsla market indecisive dyor,2.7833061722049024e-06,0.9998283386230469,0.00016887355013750494,NEUTRAL,0.9998283386230469
2025-08-18T12:18:21,$AAPL @wsj AAPL analyst upgrade üìà,AAPL,news,positive,aapl analyst upgrade,0.9987598657608032,0.0012043328024446964,3.5880369978258386e-05,POSITIVE,0.9987598657608032
2025-08-18T12:28:21,$AAPL FYI: AAPL solid earnings üíé #AI http://example.com/vjtouvzvpq DYOR,AAPL,reddit,positive,fyi: aapl solid earnings dyor,1.0,1.8001377055654189e-09,1.0779483972100934e-08,POSITIVE,1.0
2025-08-18T12:31:21,$MP Heads up: MP guidance raised üöÄ DYOR,MP,news,positive,heads up: mp guidance raised dyor,0.9999960660934448,3.834099970845273e-06,1.5724094737379346e-07,POSITIVE,0.9999960660934448
2025-08-18T13:17:21,$TSLA Breaking: TSLA no material update üîç #options https://news.site/ijsuocbeqrhr,TSLA,news,neutral,breaking: tsla no material update,6.197240145411342e-05,0.9987938404083252,0.0011441756505519152,NEUTRAL,0.9987938404083252
2025-08-18T13:41:21,$SOFI @barronsonline Breaking: SOFI supply issues üí• #investing,SOFI,reddit,negative,breaking: sofi supply issues,1.038376194628654e-05,1.6240435797953978e-05,0.9999734163284302,NEGATIVE,0.9999734163284302
2025-08-18T14:33:21,@cnbc Heads up: NVDA crushing it ‚úÖ,NVDA,twitter,positive,heads up: nvda crushing it,0.9945065379142761,0.005312369205057621,0.00018097538850270212,POSITIVE,0.9945065379142761
2025-08-18T14:50:21,$NVDA @cnbc IMO: NVDA rips higher üöÄ #fintwit,NVDA,reddit,positive,imo: nvda rips higher,0.9999994039535522,5.261725846139598e-07,1.395144408888882e-07,POSITIVE,0.9999994039535522
2025-08-18T14:52:21,$NVDA @elonmusk Heads up: NVDA strong demand üò§ #options,NVDA,twitter,positive,heads up: nvda strong demand,1.0,1.2975207575038894e-09,2.4886976923710336e-09,POSITIVE,1.0
2025-08-18T15:10:21,@bespokeinvest IMO: NVDA strong demand üöÄ DYOR,NVDA,twitter,positive,imo: nvda strong demand dyor,1.0,3.116951141635127e-09,8.92725537937622e-09,POSITIVE,1.0
2025-08-18T15:51:21,$AAPL @unusual_whales Heads up: AAPL waiting for earnings üßæ http://example.com/ncnxjs,AAPL,twitter,neutral,heads up: aapl waiting for earnings,0.07756293565034866,0.1945532113313675,0.7278838157653809,NEGATIVE,0.7278838157653809
2025-08-18T15:54:21,$TSLA @cnbc TSLA guidance cut üí• #markets,TSLA,twitter,negative,tsla guidance cut,0.0002031534822890535,0.003098712069913745,0.9966981410980225,NEGATIVE,0.9966981410980225
2025-08-18T17:19:21,$SMR Heads up: SMR market indecisive üßæ DYOR,SMR,news,neutral,heads up: smr market indecisive dyor,1.3136037750882679e-06,0.9999635219573975,3.516105061862618e-05,NEUTRAL,0.9999635219573975
2025-08-18T17:43:21,$AAPL @elonmusk Heads up: AAPL weak outlook ü§¶ #earnings DYOR,AAPL,reddit,negative,heads up: aapl weak outlook dyor,2.570251353972708e-06,3.867730526962987e-07,0.9999970197677612,NEGATIVE,0.9999970197677612
2025-08-18T18:06:21,Update: NVDA rips higher üò§ #AI,NVDA,reddit,positive,update: nvda rips higher,0.9999994039535522,5.998327878842247e-07,5.495182620052219e-08,POSITIVE,0.9999994039535522
2025-08-18T19:10:21,$MP @barronsonline Update: MP market indecisive üßæ #stocks,MP,twitter,neutral,update: mp market indecisive,0.04356469213962555,0.9552281498908997,0.0012071339879184961,NEUTRAL,0.9552281498908997
2025-08-18T19:12:21,$NVDA @jimcramer IMO: NVDA conference next week üßæ,NVDA,news,neutral,imo: nvda conference next week,1.6714728872102569e-06,0.9999972581863403,1.131230760620383e-06,NEUTRAL,0.9999972581863403
2025-08-18T19:40:21,$NVDA NVDA dilution fears üò¨ #markets,NVDA,reddit,negative,nvda dilution fears,0.003935885149985552,2.8724440198857337e-05,0.9960353970527649,NEGATIVE,0.9960353970527649
2025-08-18T20:01:21,$NVDA NVDA rumors circulating üîç DYOR,NVDA,twitter,neutral,nvda rumors circulating dyor,4.2472554923733696e-05,0.9711955189704895,0.028761984780430794,NEUTRAL,0.9711955189704895
2025-08-18T20:59:21,@jimcramer AAPL demand slowing üí• https://blog.finance/ijuvrv,AAPL,news,negative,aapl demand slowing,0.0006004392053000629,3.6002875276608393e-06,0.9993959665298462,NEGATIVE,0.9993959665298462
2025-08-19T00:04:21,$MP Breaking: MP guidance cut ü§¶ #fintwit,MP,news,negative,breaking: mp guidance cut,7.34617788111791e-05,6.5252665990556125e-06,0.9999200105667114,NEGATIVE,0.9999200105667114
2025-08-19T00:15:21,$SOFI @unusual_whales Breaking: SOFI under investigation üí• #options,SOFI,twitter,negative,breaking: sofi under investigation,0.0003638647322077304,0.6835401654243469,0.3160960078239441,NEUTRAL,0.6835401654243469
2025-08-19T00:33:21,$AAPL @cnbc FYI: AAPL bullish momentum üìà,AAPL,news,positive,fyi: aapl bullish momentum,1.0,3.4964438011542143e-09,3.102989154513125e-08,POSITIVE,1.0
2025-08-19T00:39:21,$TSLA FYI: TSLA new ATH üöÄ,TSLA,news,positive,fyi: tsla new ath,3.2120119612955023e-06,0.9999741315841675,2.2641597752226517e-05,NEUTRAL,0.9999741315841675
2025-08-19T00:42:21,$SOFI IMO: SOFI analyst upgrade üî• https://blog.finance/mhjnzvudgqwo DYOR,SOFI,twitter,positive,imo: sofi analyst upgrade dyor,0.00031779269920662045,0.9976084232330322,0.0020738395396620035,NEUTRAL,0.9976084232330322
2025-08-19T01:11:21,$SMR @bespokeinvest FYI: SMR supply issues ü©ª http://example.com/xykkjkcficsi DYOR,SMR,twitter,negative,fyi: smr supply issues dyor,7.631700100318994e-06,0.010829520411789417,0.989162802696228,NEGATIVE,0.989162802696228
2025-08-19T01:14:21,$AAPL @jimcramer IMO: AAPL costs under control ‚úÖ #stocks DYOR,AAPL,reddit,positive,imo: aapl costs under control dyor,0.0005685600335709751,0.00039142314926721156,0.9990399479866028,NEGATIVE,0.9990399479866028
2025-08-19T01:26:21,$TSLA @unusual_whales Heads up: TSLA missed revenue ü§¶ #stocks https://news.site/bvmnqoshajoe,TSLA,twitter,negative,heads up: tsla missed revenue,2.2978677804985637e-07,5.0564665343699744e-08,0.9999997615814209,NEGATIVE,0.9999997615814209
2025-08-19T02:02:21,$SMR Update: SMR conference next week üßæ #AI DYOR,SMR,reddit,neutral,update: smr conference next week dyor,5.4120919230626896e-05,0.9999442100524902,1.6583884416832007e-06,NEUTRAL,0.9999442100524902
2025-08-19T03:26:21,$SOFI Heads up: SOFI guidance raised üò§ #investing,SOFI,reddit,positive,heads up: sofi guidance raised,0.9999983310699463,1.7120331676778733e-06,2.2546826627944938e-08,POSITIVE,0.9999983310699463
2025-08-19T04:12:21,$MP @jimcramer FYI: MP selloff incoming ü©ª,MP,reddit,negative,fyi: mp selloff incoming,0.0002569709322415292,0.9980084300041199,0.0017346481326967478,NEUTRAL,0.9980084300041199
2025-08-19T04:14:21,$SOFI IMO: SOFI files 10-Q ü§î #fintwit http://example.com/iikvm DYOR,SOFI,news,neutral,imo: sofi files 10-q dyor,2.8006643333355896e-06,0.9999581575393677,3.90960049116984e-05,NEUTRAL,0.9999581575393677
2025-08-19T04:17:21,@jimcramer Heads up: MP guidance raised üíé #markets,MP,twitter,positive,heads up: mp guidance raised,0.9999995231628418,4.217236835302174e-07,1.148965367292476e-08,POSITIVE,0.9999995231628418
2025-08-19T04:22:21,$MP @jimcramer IMO: MP costs under control ‚úÖ #markets,MP,reddit,positive,imo: mp costs under control,0.002657052129507065,9.413727093487978e-05,0.9972488284111023,NEGATIVE,0.9972488284111023
2025-08-19T07:21:21,$MP Update: MP rips higher ‚úÖ #stocks https://blog.finance/hplrjbwjz,MP,reddit,positive,update: mp rips higher,0.9999969005584717,2.663130317159812e-06,4.6771785378041386e-07,POSITIVE,0.9999969005584717
2025-08-19T08:23:21,$AAPL AAPL expansion continues üò§ DYOR,AAPL,twitter,positive,aapl expansion continues dyor,0.9991637468338013,0.0006808322505094111,0.00015547359362244606,POSITIVE,0.9991637468338013
2025-08-19T08:28:21,$SMR @jimcramer Heads up: SMR market indecisive üì∞ #options http://example.com/yjtonkqgctmk,SMR,news,neutral,heads up: smr market indecisive,2.1509970338229323e-06,0.9999071359634399,9.067984501598403e-05,NEUTRAL,0.9999071359634399
2025-08-19T09:49:21,$NVDA NVDA range-bound action üîç DYOR,NVDA,reddit,neutral,nvda range-bound action dyor,0.0004929796559736133,0.9993937015533447,0.00011330176494084299,NEUTRAL,0.9993937015533447
2025-08-19T12:18:21,$AAPL @jimcramer Heads up: AAPL selloff incoming ü§¶,AAPL,reddit,negative,heads up: aapl selloff incoming,0.0026282251346856356,0.8196960091590881,0.1776757389307022,NEUTRAL,0.8196960091590881
2025-08-19T13:27:21,$NVDA Breaking: NVDA files 10-Q ü§î DYOR,NVDA,reddit,neutral,breaking: nvda files 10-q dyor,1.077549086403451e-06,0.9999850988388062,1.3784881957690232e-05,NEUTRAL,0.9999850988388062
2025-08-19T14:15:21,$SOFI @bespokeinvest FYI: SOFI sector rotation üßæ https://news.site/zsntvbzqlri,SOFI,twitter,neutral,fyi: sofi sector rotation,0.0019458463648334146,0.958739697933197,0.039314545691013336,NEUTRAL,0.958739697933197
2025-08-19T14:28:21,$SMR @bespokeinvest Breaking: SMR solid earnings üî•,SMR,news,positive,breaking: smr solid earnings,1.0,3.2905871361066374e-09,1.6814153624977735e-08,POSITIVE,1.0
2025-08-19T16:50:21,$TSLA Heads up: TSLA range-bound action ü§î https://blog.finance/dhnneyers,TSLA,reddit,neutral,heads up: tsla range-bound action,2.960302481369581e-05,0.9998447895050049,0.00012558873277157545,NEUTRAL,0.9998447895050049
2025-08-19T16:53:21,$SMR Update: SMR execution concerns ü©ª #fintwit,SMR,twitter,negative,update: smr execution concerns,1.5126177004276542e-06,6.267231924539374e-07,0.9999978542327881,NEGATIVE,0.9999978542327881
2025-08-19T18:33:21,$MP IMO: MP market indecisive üßæ #markets,MP,twitter,neutral,imo: mp market indecisive,0.00019454727589618415,0.9992427825927734,0.0005626781494356692,NEUTRAL,0.9992427825927734
2025-08-19T20:14:21,$AAPL @cnbc Heads up: AAPL unveils new product ü§î https://blog.finance/twzdjoimgg DYOR,AAPL,news,neutral,heads up: aapl unveils new product dyor,1.435475678590592e-05,0.9999265670776367,5.912684355280362e-05,NEUTRAL,0.9999265670776367
2025-08-19T20:39:21,$NVDA FYI: NVDA AI tailwinds üìà,NVDA,reddit,positive,fyi: nvda ai tailwinds,0.0031291088089346886,0.9940324425697327,0.0028385468758642673,NEUTRAL,0.9940324425697327
2025-08-19T21:13:21,$TSLA IMO: TSLA new ATH üìà #AI,TSLA,twitter,positive,imo: tsla new ath,1.7526155716041103e-05,0.9999402761459351,4.215656372252852e-05,NEUTRAL,0.9999402761459351
2025-08-19T21:14:21,$TSLA @unusual_whales TSLA bullish momentum üöÄ http://example.com/lwstjk,TSLA,news,positive,tsla bullish momentum,0.9999998807907104,8.599810641385375e-09,1.7257868023534684e-07,POSITIVE,0.9999998807907104
2025-08-19T22:15:21,$TSLA Update: TSLA missed revenue üò¨ #options DYOR,TSLA,reddit,negative,update: tsla missed revenue dyor,9.989408908950281e-07,7.66659297823935e-07,0.9999982118606567,NEGATIVE,0.9999982118606567
2025-08-20T01:20:21,$AAPL @cnbc FYI: AAPL sector rotation üìå DYOR,AAPL,reddit,neutral,fyi: aapl sector rotation dyor,0.00022815470583736897,0.9983248114585876,0.001447053044103086,NEUTRAL,0.9983248114585876
2025-08-20T02:21:21,$AAPL FYI: AAPL range-bound action üìå,AAPL,twitter,neutral,fyi: aapl range-bound action,0.0015712755266577005,0.9979395270347595,0.0004891200223937631,NEUTRAL,0.9979395270347595
2025-08-20T03:05:21,Heads up: SMR massive beat ‚úÖ #options,SMR,reddit,positive,heads up: smr massive beat,0.9999978542327881,1.4840063613519305e-06,6.613206551264739e-07,POSITIVE,0.9999978542327881
2025-08-20T03:10:21,$MP @jimcramer Breaking: MP supply issues üìâ,MP,news,negative,breaking: mp supply issues,6.902594031998888e-05,2.26289703277871e-05,0.9999083280563354,NEGATIVE,0.9999083280563354
2025-08-20T03:27:21,$MP @jimcramer Update: MP demand slowing ü©ª #investing https://news.site/nsujvgo,MP,news,negative,update: mp demand slowing,0.0009663411765359342,4.3591335270321e-06,0.999029278755188,NEGATIVE,0.999029278755188
2025-08-20T03:57:21,$TSLA @cnbc IMO: TSLA new ATH üíé #options,TSLA,twitter,positive,imo: tsla new ath,1.752613934513647e-05,0.9999402761459351,4.215656372252852e-05,NEUTRAL,0.9999402761459351
2025-08-20T05:25:21,$MP @wsj MP beats expectations üò§ #AI http://example.com/xijusqspegof,MP,news,positive,mp beats expectations,1.0,4.727819469252381e-09,1.4256955616076539e-08,POSITIVE,1.0
2025-08-20T06:18:21,$NVDA @barronsonline Heads up: NVDA partnership win üî• #markets,NVDA,reddit,positive,heads up: nvda partnership win,0.9999992847442627,2.4177811042136454e-07,4.283941734684049e-07,POSITIVE,0.9999992847442627
2025-08-20T06:26:21,@wsj FYI: SMR rumors circulating üîç #earnings DYOR,SMR,news,neutral,fyi: smr rumors circulating dyor,1.3538894449993677e-07,0.9999970197677612,2.8132262741564773e-06,NEUTRAL,0.9999970197677612
2025-08-20T07:41:21,$SOFI @bespokeinvest Heads up: SOFI guidance raised üò§ DYOR,SOFI,news,positive,heads up: sofi guidance raised dyor,0.9999507665634155,4.8801328375702724e-05,4.4048604763702315e-07,POSITIVE,0.9999507665634155
2025-08-20T07:56:21,$SMR Update: SMR margin pressure üí• #fintwit https://news.site/scuaoykywm DYOR,SMR,news,negative,update: smr margin pressure dyor,0.00018192060815636069,7.631462358403951e-05,0.9997417330741882,NEGATIVE,0.9997417330741882
2025-08-20T08:04:21,@bespokeinvest FYI: NVDA shares unchanged üì∞ #investing DYOR,NVDA,reddit,neutral,fyi: nvda shares unchanged dyor,3.0419476388487965e-05,0.9999402761459351,2.9278351576067507e-05,NEUTRAL,0.9999402761459351
2025-08-20T08:07:21,@unusual_whales IMO: TSLA costs under control üî• https://blog.finance/waoczhzom,TSLA,reddit,positive,imo: tsla costs under control,0.001645815558731556,0.0001393404818372801,0.998214840888977,NEGATIVE,0.998214840888977
2025-08-20T08:32:21,$SMR @jimcramer IMO: SMR shares unchanged ü§î DYOR,SMR,reddit,neutral,imo: smr shares unchanged dyor,2.302441316714976e-06,0.9999934434890747,4.270335921319202e-06,NEUTRAL,0.9999934434890747
2025-08-20T09:24:21,$NVDA IMO: NVDA trading flat ü§î DYOR,NVDA,reddit,neutral,imo: nvda trading flat dyor,0.00019828903896268457,0.999554455280304,0.0002472161431796849,NEUTRAL,0.999554455280304
2025-08-20T12:22:21,$MP Breaking: MP massive beat üî• #fintwit,MP,twitter,positive,breaking: mp massive beat,0.9999994039535522,2.4091499994938204e-07,4.1340942402712244e-07,POSITIVE,0.9999994039535522
2025-08-20T13:17:21,$NVDA @wsj NVDA margin pressure ü§¶ #investing https://news.site/knxsidx,NVDA,reddit,negative,nvda margin pressure,5.330737621989101e-06,1.489007814825527e-07,0.9999945163726807,NEGATIVE,0.9999945163726807
2025-08-20T13:23:21,$SMR @bespokeinvest Heads up: SMR crushing it üî• #options,SMR,twitter,positive,heads up: smr crushing it,4.460099444258958e-05,0.9998399019241333,0.00011545593588380143,NEUTRAL,0.9998399019241333
2025-08-20T13:52:21,$MP Breaking: MP record revenue üî• #options DYOR,MP,twitter,positive,breaking: mp record revenue dyor,1.0,9.141714052418592e-09,4.752748949954366e-08,POSITIVE,1.0
2025-08-20T18:53:21,@bespokeinvest FYI: SMR beats expectations üìà #markets DYOR,SMR,twitter,positive,fyi: smr beats expectations dyor,0.9999998807907104,4.772369521788278e-08,9.480224605340482e-08,POSITIVE,0.9999998807907104
2025-08-20T19:32:21,$TSLA Breaking: TSLA margin pressure üìâ #options,TSLA,news,negative,breaking: tsla margin pressure,4.933711807098007e-06,1.736181332034903e-07,0.9999948740005493,NEGATIVE,0.9999948740005493
2025-08-20T19:36:21,$SMR @unusual_whales Breaking: SMR demand slowing üò¨ DYOR,SMR,reddit,negative,breaking: smr demand slowing dyor,0.0002109845809172839,3.4506068914197385e-05,0.9997544884681702,NEGATIVE,0.9997544884681702
2025-08-20T19:44:21,Breaking: NVDA rips higher üìà,NVDA,news,positive,breaking: nvda rips higher,0.9999982118606567,1.5325050526371342e-06,2.623727652917296e-07,POSITIVE,0.9999982118606567
2025-08-20T19:52:21,IMO: TSLA record revenue üò§ #AI,TSLA,twitter,positive,imo: tsla record revenue,0.9999998807907104,2.1711329623030906e-08,7.642388055728588e-08,POSITIVE,0.9999998807907104
2025-08-20T21:19:21,$SOFI Breaking: SOFI conference next week üßæ #options DYOR,SOFI,reddit,neutral,breaking: sofi conference next week dyor,8.0928043644235e-07,0.9999964237213135,2.77009030469344e-06,NEUTRAL,0.9999964237213135
2025-08-20T23:03:21,@jimcramer Update: TSLA record revenue üöÄ #AI DYOR,TSLA,twitter,positive,update: tsla record revenue dyor,1.0,1.252229697712437e-08,3.1139695266801937e-08,POSITIVE,1.0
2025-08-20T23:57:21,Breaking: NVDA guidance raised üî• #investing,NVDA,twitter,positive,breaking: nvda guidance raised,1.0,4.790381780139796e-08,8.269379847547498e-09,POSITIVE,1.0
2025-08-21T02:59:21,$AAPL @bespokeinvest AAPL under investigation ü©ª https://blog.finance/kgfwb,AAPL,twitter,negative,aapl under investigation,0.00017086540174204856,0.07948992401361465,0.9203391671180725,NEGATIVE,0.9203391671180725
2025-08-21T03:37:21,$NVDA NVDA range-bound action üßæ http://example.com/khoptero DYOR,NVDA,twitter,neutral,nvda range-bound action dyor,0.0004929796559736133,0.9993937015533447,0.00011330176494084299,NEUTRAL,0.9993937015533447
2025-08-21T04:08:21,$NVDA @barronsonline IMO: NVDA expansion continues ‚úÖ #AI https://blog.finance/gfwdmbkknkgi DYOR,NVDA,news,positive,imo: nvda expansion continues dyor,0.9805850386619568,0.019339807331562042,7.520061626564711e-05,POSITIVE,0.9805850386619568
2025-08-21T04:13:21,$SOFI @wsj IMO: SOFI guidance cut ‚ùå,SOFI,reddit,negative,imo: sofi guidance cut,5.224052983976435e-06,9.86456416285364e-06,0.999984860420227,NEGATIVE,0.999984860420227
2025-08-21T05:37:21,$TSLA @wsj Heads up: TSLA range-bound action üßæ http://example.com/ttxssk DYOR,TSLA,news,neutral,heads up: tsla range-bound action dyor,1.1722676163117285e-06,0.999984622001648,1.4146957255434245e-05,NEUTRAL,0.999984622001648
2025-08-21T05:47:21,$NVDA @wsj Heads up: NVDA strong demand ‚úÖ #AI,NVDA,reddit,positive,heads up: nvda strong demand,1.0,1.2975207575038894e-09,2.4886976923710336e-09,POSITIVE,1.0
2025-08-21T06:33:21,$MP @bespokeinvest FYI: MP sector rotation ü§î https://blog.finance/hffogoyitms,MP,reddit,neutral,fyi: mp sector rotation,0.6418704390525818,0.322313517332077,0.03581606596708298,POSITIVE,0.6418704390525818
2025-08-21T08:08:21,$SOFI IMO: SOFI partnership win üíé #options,SOFI,twitter,positive,imo: sofi partnership win,0.9333214163780212,0.06639055162668228,0.0002881065011024475,POSITIVE,0.9333214163780212
2025-08-21T10:07:21,Breaking: SMR execution concerns ü©ª #markets DYOR,SMR,twitter,negative,breaking: smr execution concerns dyor,1.3508611118595582e-05,3.633333835750818e-05,0.9999501705169678,NEGATIVE,0.9999501705169678
2025-08-21T12:53:21,$TSLA @jimcramer TSLA under investigation ‚ùå,TSLA,twitter,negative,tsla under investigation,0.00027616266743279994,0.1528487652540207,0.846875011920929,NEGATIVE,0.846875011920929
2025-08-21T13:02:21,$AAPL @jimcramer Heads up: AAPL missed revenue ‚ùå #earnings https://blog.finance/uxccdenvgkj,AAPL,twitter,negative,heads up: aapl missed revenue,5.693044386134716e-06,1.7841999522261176e-07,0.999994158744812,NEGATIVE,0.999994158744812
2025-08-21T13:45:21,$SMR Breaking: SMR partnership win üî•,SMR,twitter,positive,breaking: smr partnership win,0.868115246295929,0.13143743574619293,0.00044730675290338695,POSITIVE,0.868115246295929
2025-08-21T15:05:21,$AAPL @elonmusk AAPL waiting for earnings üîç #AI,AAPL,reddit,neutral,aapl waiting for earnings,0.06227085739374161,0.0031465264037251472,0.9345826506614685,NEGATIVE,0.9345826506614685
2025-08-21T16:39:21,FYI: NVDA AI tailwinds üöÄ #markets,NVDA,news,positive,fyi: nvda ai tailwinds,0.003129091113805771,0.9940324425697327,0.002838551066815853,NEUTRAL,0.9940324425697327
2025-08-21T17:01:21,$NVDA @bespokeinvest Update: NVDA costs under control üöÄ https://news.site/yptsk DYOR,NVDA,twitter,positive,update: nvda costs under control dyor,0.33669525384902954,0.001164694782346487,0.6621400713920593,NEGATIVE,0.6621400713920593
2025-08-21T18:19:21,$TSLA @bespokeinvest Heads up: TSLA crushing it üìà #investing https://blog.finance/nzblvi,TSLA,news,positive,heads up: tsla crushing it,1.9936625903937966e-05,0.9995235204696655,0.0004565807175822556,NEUTRAL,0.9995235204696655
2025-08-21T18:57:21,$MP FYI: MP demand slowing üìâ http://example.com/sqticaijhde,MP,news,negative,fyi: mp demand slowing,0.00032615510281175375,5.022833192924736e-06,0.9996688365936279,NEGATIVE,0.9996688365936279
2025-08-21T18:57:21,$SMR @barronsonline IMO: SMR profit warning üò¨ #options,SMR,reddit,negative,imo: smr profit warning,0.0035613335203379393,0.9421142339706421,0.05432441458106041,NEUTRAL,0.9421142339706421
2025-08-21T19:28:21,$SMR @elonmusk Update: SMR strong demand üöÄ #earnings DYOR,SMR,news,positive,update: smr strong demand dyor,1.0,4.42002878742187e-09,7.67840102611217e-09,POSITIVE,1.0
2025-08-21T20:43:21,$SOFI FYI: SOFI profit warning ü©ª #fintwit DYOR,SOFI,reddit,negative,fyi: sofi profit warning dyor,4.2314743041060865e-05,0.9986395239830017,0.0013182122493162751,NEUTRAL,0.9986395239830017
2025-08-21T21:39:21,$NVDA @wsj IMO: NVDA guidance raised ‚úÖ #markets https://news.site/smqldakv,NVDA,reddit,positive,imo: nvda guidance raised,0.9999998807907104,6.178414935220644e-08,1.1296649837788664e-08,POSITIVE,0.9999998807907104
2025-08-22T00:25:21,$NVDA Update: NVDA macro headwinds üìâ #earnings,NVDA,reddit,negative,update: nvda macro headwinds,3.4662427879084134e-06,4.215750664116058e-07,0.9999960660934448,NEGATIVE,0.9999960660934448
2025-08-22T00:49:21,@jimcramer SOFI massive beat ‚úÖ #options,SOFI,reddit,positive,sofi massive beat,0.9679485559463501,0.031456515192985535,0.0005949726910330355,POSITIVE,0.9679485559463501
2025-08-22T01:09:21,@bespokeinvest FYI: NVDA macro headwinds ü©ª,NVDA,reddit,negative,fyi: nvda macro headwinds,8.954640975389339e-07,3.637951806467754e-07,0.9999986886978149,NEGATIVE,0.9999986886978149
2025-08-22T01:47:21,$SOFI Breaking: SOFI crushing it ‚úÖ,SOFI,news,positive,breaking: sofi crushing it,0.00041523604886606336,0.9978790283203125,0.0017056609503924847,NEUTRAL,0.9978790283203125
2025-08-22T02:11:21,$SOFI SOFI no material update üìå #AI https://blog.finance/pnywkazsvpxc DYOR,SOFI,twitter,neutral,sofi no material update dyor,0.000603491673246026,0.9922785758972168,0.0071179368533194065,NEUTRAL,0.9922785758972168
2025-08-22T02:45:21,$MP MP massive beat üò§,MP,reddit,positive,mp massive beat,0.9999747276306152,1.2196516763651744e-05,1.3091680557408836e-05,POSITIVE,0.9999747276306152
2025-08-22T02:57:21,$SOFI Update: SOFI beats expectations üöÄ #investing,SOFI,twitter,positive,update: sofi beats expectations,1.0,5.1975175274776575e-09,1.4161745554019944e-08,POSITIVE,1.0
2025-08-22T03:30:21,$SOFI Heads up: SOFI record revenue üò§,SOFI,reddit,positive,heads up: sofi record revenue,1.0,1.971220520147199e-09,5.1470272488529645e-09,POSITIVE,1.0
2025-08-22T03:35:21,$AAPL @unusual_whales FYI: AAPL range-bound action ü§î #earnings,AAPL,twitter,neutral,fyi: aapl range-bound action,0.001571278553456068,0.9979395270347595,0.0004891200223937631,NEUTRAL,0.9979395270347595
2025-08-22T03:37:21,$MP Breaking: MP sector rotation üì∞ #earnings,MP,reddit,neutral,breaking: mp sector rotation,0.9957446455955505,0.003594011766836047,0.0006613362929783762,POSITIVE,0.9957446455955505
2025-08-22T05:08:21,$TSLA @bespokeinvest IMO: TSLA crushing it üìà https://news.site/erktwll DYOR,TSLA,news,positive,imo: tsla crushing it dyor,2.563461976023973e-06,0.999925971031189,7.142890535760671e-05,NEUTRAL,0.999925971031189
2025-08-22T05:15:21,$TSLA @elonmusk Update: TSLA supply issues ü§¶ #earnings http://example.com/rmzikkcjl DYOR,TSLA,twitter,negative,update: tsla supply issues dyor,0.006262409035116434,0.6103998422622681,0.38333776593208313,NEUTRAL,0.6103998422622681
2025-08-22T06:27:21,$MP Heads up: MP shares unchanged üßæ #earnings https://news.site/nkdjeqs,MP,news,neutral,heads up: mp shares unchanged,0.0028317300602793694,0.9970980882644653,7.02339893905446e-05,NEUTRAL,0.9970980882644653
2025-08-22T07:04:21,$TSLA @unusual_whales IMO: TSLA selloff incoming üìâ,TSLA,news,negative,imo: tsla selloff incoming,9.502420653006993e-06,0.9994926452636719,0.0004978285869583488,NEUTRAL,0.9994926452636719
2025-08-22T07:24:21,IMO: SOFI under investigation üìâ #AI,SOFI,twitter,negative,imo: sofi under investigation,0.0002601072774268687,0.7935299277305603,0.2062099277973175,NEUTRAL,0.7935299277305603
2025-08-22T07:35:21,$SOFI Heads up: SOFI rips higher üìà #fintwit DYOR,SOFI,twitter,positive,heads up: sofi rips higher dyor,0.7710064649581909,0.22814948856830597,0.0008440005476586521,POSITIVE,0.7710064649581909
2025-08-22T08:25:21,$SOFI @elonmusk Heads up: SOFI partnership win ‚úÖ,SOFI,news,positive,heads up: sofi partnership win,0.9998233914375305,0.00015033376985229552,2.6374698791187257e-05,POSITIVE,0.9998233914375305
2025-08-22T09:35:21,$AAPL @jimcramer AAPL market indecisive üßæ http://example.com/gwcwdvftrwpl,AAPL,news,neutral,aapl market indecisive,0.002949976362287998,0.19021861255168915,0.806831419467926,NEGATIVE,0.806831419467926
2025-08-22T09:37:21,$TSLA @bespokeinvest FYI: TSLA unveils new product üßæ #investing https://blog.finance/ynxvdtkbh,TSLA,twitter,neutral,fyi: tsla unveils new product,3.201000481567462e-06,0.9997091889381409,0.00028760050190612674,NEUTRAL,0.9997091889381409
2025-08-22T11:12:21,$MP MP under investigation üí• #fintwit,MP,twitter,negative,mp under investigation,0.001119854161515832,0.6308162212371826,0.36806392669677734,NEUTRAL,0.6308162212371826
2025-08-22T11:15:21,$SOFI Breaking: SOFI new ATH üöÄ #investing https://news.site/yiauttlrjbnf,SOFI,reddit,positive,breaking: sofi new ath,0.00015595376316923648,0.9996702671051025,0.00017372251022607088,NEUTRAL,0.9996702671051025
2025-08-22T13:59:21,$TSLA @bespokeinvest FYI: TSLA guidance raised üíé #AI,TSLA,reddit,positive,fyi: tsla guidance raised,0.9999954700469971,4.418047410581494e-06,6.998239854283383e-08,POSITIVE,0.9999954700469971
2025-08-22T15:40:21,$AAPL FYI: AAPL conference next week üîç #stocks,AAPL,twitter,neutral,fyi: aapl conference next week,3.232196377211949e-07,0.9999991655349731,4.960609203408239e-07,NEUTRAL,0.9999991655349731
2025-08-22T15:57:21,$MP Heads up: MP no material update üìå #earnings https://news.site/bqstlcc DYOR,MP,twitter,neutral,heads up: mp no material update dyor,4.197470479994081e-05,0.9971269965171814,0.002831045538187027,NEUTRAL,0.9971269965171814
2025-08-22T16:58:21,$AAPL @elonmusk AAPL trading flat ü§î #stocks,AAPL,twitter,neutral,aapl trading flat,0.006589169148355722,0.9720198512077332,0.021390996873378754,NEUTRAL,0.9720198512077332
2025-08-22T17:01:21,$TSLA Breaking: TSLA conference next week ü§î #earnings DYOR,TSLA,reddit,neutral,breaking: tsla conference next week dyor,5.933517286393908e-07,0.9999943971633911,5.047329068474937e-06,NEUTRAL,0.9999943971633911
2025-08-22T17:14:21,$TSLA Update: TSLA demand slowing üí•,TSLA,news,negative,update: tsla demand slowing,0.002314650919288397,9.680186485638842e-05,0.9975885152816772,NEGATIVE,0.9975885152816772
2025-08-22T17:34:21,$MP @cnbc Breaking: MP massive beat ‚úÖ http://example.com/jlugqgpshya,MP,news,positive,breaking: mp massive beat,0.9999994039535522,2.4091454520203115e-07,4.134086282192584e-07,POSITIVE,0.9999994039535522
2025-08-22T19:03:21,$NVDA Heads up: NVDA analyst upgrade üìà,NVDA,twitter,positive,heads up: nvda analyst upgrade,0.9991642236709595,0.0008299718028865755,5.860530109202955e-06,POSITIVE,0.9991642236709595
2025-08-22T19:11:21,$TSLA Breaking: TSLA waiting for earnings üì∞ #stocks,TSLA,reddit,neutral,breaking: tsla waiting for earnings,0.00044600124238058925,0.15400385856628418,0.8455501198768616,NEGATIVE,0.8455501198768616
2025-08-22T19:53:21,$TSLA FYI: TSLA execution concerns ‚ùå,TSLA,reddit,negative,fyi: tsla execution concerns,1.746798972135366e-07,1.4114488067207276e-07,0.9999996423721313,NEGATIVE,0.9999996423721313
2025-08-22T20:43:21,$AAPL @elonmusk IMO: AAPL rips higher üöÄ #investing,AAPL,news,positive,imo: aapl rips higher,0.9999938011169434,5.544217401620699e-06,5.648627734444744e-07,POSITIVE,0.9999938011169434
2025-08-22T21:11:21,$SOFI FYI: SOFI strong demand üöÄ #earnings http://example.com/nkqvrbs,SOFI,news,positive,fyi: sofi strong demand,1.0,5.717226247980989e-09,4.550785970280913e-09,POSITIVE,1.0
2025-08-22T21:58:21,@bespokeinvest Update: TSLA under investigation ü©ª #investing,TSLA,twitter,negative,update: tsla under investigation,0.0032780771143734455,0.911683201789856,0.08503875881433487,NEUTRAL,0.911683201789856
2025-08-22T22:37:21,$AAPL @wsj Update: AAPL partnership win üî• #markets DYOR,AAPL,twitter,positive,update: aapl partnership win dyor,0.9669163823127747,0.032873429358005524,0.000210179656278342,POSITIVE,0.9669163823127747
2025-08-22T22:40:21,$TSLA @elonmusk Heads up: TSLA record revenue üíé http://example.com/socljmojg DYOR,TSLA,news,positive,heads up: tsla record revenue dyor,1.0,9.748172047352455e-09,1.2466983889680705e-08,POSITIVE,1.0
2025-08-23T01:13:21,$SMR Breaking: SMR lawsuit risk ü©ª http://example.com/jxeyausrfgxi,SMR,news,negative,breaking: smr lawsuit risk,0.0005755348247475922,0.00045385476551018655,0.998970627784729,NEGATIVE,0.998970627784729
2025-08-23T03:04:21,$SMR @cnbc Update: SMR guidance cut ‚ùå DYOR,SMR,reddit,negative,update: smr guidance cut dyor,0.030641263350844383,0.3747415542602539,0.5946171879768372,NEGATIVE,0.5946171879768372
2025-08-23T03:40:21,$SOFI Breaking: SOFI profit warning üò¨ #earnings,SOFI,reddit,negative,breaking: sofi profit warning,0.010701335966587067,0.00037748931208625436,0.9889211654663086,NEGATIVE,0.9889211654663086
2025-08-23T03:59:21,$SMR @unusual_whales FYI: SMR new ATH üíé,SMR,twitter,positive,fyi: smr new ath,8.264036637228855e-07,0.9999943971633911,4.798690497409552e-06,NEUTRAL,0.9999943971633911
2025-08-23T04:39:21,$TSLA @unusual_whales TSLA waiting for earnings üì∞ DYOR,TSLA,twitter,neutral,tsla waiting for earnings dyor,9.210950338456314e-06,0.9919095635414124,0.008081258274614811,NEUTRAL,0.9919095635414124
2025-08-23T05:43:21,$MP @bespokeinvest FYI: MP AI tailwinds üò§ #stocks DYOR,MP,reddit,positive,fyi: mp ai tailwinds dyor,1.640976006456185e-05,0.9998713731765747,0.0001121893510571681,NEUTRAL,0.9998713731765747
2025-08-23T05:55:21,NVDA beats expectations üî•,NVDA,twitter,positive,nvda beats expectations,1.0,1.7387568052029678e-09,1.0470556865982417e-08,POSITIVE,1.0
2025-08-23T06:48:21,$SMR @bespokeinvest Update: SMR rumors circulating ü§î #investing DYOR,SMR,twitter,neutral,update: smr rumors circulating dyor,0.00021100718004163355,0.9997777342796326,1.1378094313840847e-05,NEUTRAL,0.9997777342796326
2025-08-23T06:56:21,$NVDA Heads up: NVDA dilution fears üìâ #fintwit http://example.com/upeemkn,NVDA,reddit,negative,heads up: nvda dilution fears,0.0072675286792218685,0.0016783634200692177,0.991054117679596,NEGATIVE,0.991054117679596
2025-08-23T07:05:21,$TSLA @cnbc TSLA shares unchanged üîç #investing DYOR,TSLA,reddit,neutral,tsla shares unchanged dyor,1.9009103198186494e-05,0.9999556541442871,2.540649256843608e-05,NEUTRAL,0.9999556541442871
2025-08-23T07:21:21,$NVDA @bespokeinvest Breaking: NVDA guidance cut ü§¶ http://example.com/ywooc DYOR,NVDA,twitter,negative,breaking: nvda guidance cut dyor,0.0007981855887919664,8.374687604373321e-05,0.9991180300712585,NEGATIVE,0.9991180300712585
2025-08-23T07:52:21,$TSLA FYI: TSLA misses badly ü©ª #AI,TSLA,twitter,negative,fyi: tsla misses badly,1.538201468065381e-05,3.681568159663584e-06,0.9999809265136719,NEGATIVE,0.9999809265136719
2025-08-23T09:17:21,$MP Breaking: MP solid earnings üìà https://blog.finance/vcwvdybylsmj,MP,twitter,positive,breaking: mp solid earnings,1.0,4.624743255021713e-09,1.1076084049932433e-08,POSITIVE,1.0
2025-08-23T09:47:21,$SOFI @barronsonline FYI: SOFI costs under control üìà #investing,SOFI,reddit,positive,fyi: sofi costs under control,0.0169157013297081,4.480006828089245e-05,0.9830394387245178,NEGATIVE,0.9830394387245178
2025-08-23T09:47:21,$NVDA @cnbc Breaking: NVDA costs under control üî•,NVDA,twitter,positive,breaking: nvda costs under control,0.46612831950187683,0.00015724408149253577,0.5337144732475281,NEGATIVE,0.5337144732475281
2025-08-23T11:18:21,Heads up: MP record revenue üöÄ #markets,MP,news,positive,heads up: mp record revenue,1.0,3.2413820516552505e-09,1.1203247218816159e-08,POSITIVE,1.0
2025-08-23T12:29:21,$SMR @cnbc Breaking: SMR waiting for earnings üìå DYOR,SMR,reddit,neutral,breaking: smr waiting for earnings dyor,6.679251237073913e-05,0.9930458664894104,0.006887331139296293,NEUTRAL,0.9930458664894104
2025-08-23T12:54:21,Breaking: SOFI bullish momentum üìà #fintwit https://blog.finance/tyozk,SOFI,news,positive,breaking: sofi bullish momentum,1.0,2.608336879816875e-09,1.9201596757056905e-08,POSITIVE,1.0
2025-08-23T15:00:21,$TSLA Heads up: TSLA CEO interview airs üßæ https://blog.finance/yooezwmimc DYOR,TSLA,twitter,neutral,heads up: tsla ceo interview airs dyor,3.7192199897617684e-07,0.9999704360961914,2.9153710784157738e-05,NEUTRAL,0.9999704360961914
2025-08-23T15:20:21,$TSLA FYI: TSLA missed revenue üìâ http://example.com/bdsdcnjbsr,TSLA,twitter,negative,fyi: tsla missed revenue,1.7756850922978629e-07,5.303651207100302e-08,0.9999997615814209,NEGATIVE,0.9999997615814209
2025-08-23T15:44:21,IMO: NVDA sector rotation ü§î,NVDA,reddit,neutral,imo: nvda sector rotation,0.9457587003707886,0.03722696378827095,0.017014460638165474,POSITIVE,0.9457587003707886
2025-08-23T17:07:21,Heads up: TSLA missed revenue ü§¶ #options,TSLA,news,negative,heads up: tsla missed revenue,2.2978677804985637e-07,5.0564665343699744e-08,0.9999997615814209,NEGATIVE,0.9999997615814209
2025-08-23T18:05:21,$MP @jimcramer Update: MP supply issues üí• #markets DYOR,MP,news,negative,update: mp supply issues dyor,0.014328958466649055,0.04287112504243851,0.942799985408783,NEGATIVE,0.942799985408783
2025-08-23T18:09:21,$SMR IMO: SMR dilution fears ‚ùå #investing https://news.site/excsqxlggb,SMR,reddit,negative,imo: smr dilution fears,0.0012215806636959314,0.00025595055194571614,0.9985224604606628,NEGATIVE,0.9985224604606628
2025-08-23T18:29:21,$AAPL FYI: AAPL beats expectations üöÄ,AAPL,news,positive,fyi: aapl beats expectations,1.0,2.9189874961588202e-09,7.76959296899804e-09,POSITIVE,1.0
2025-08-23T18:59:21,$SMR SMR conference next week üîç #AI http://example.com/agcixebyz,SMR,reddit,neutral,smr conference next week,4.4743612193087756e-07,0.999998927116394,5.538583423003729e-07,NEUTRAL,0.999998927116394
2025-08-23T19:16:21,$SMR Update: SMR partnership win üöÄ http://example.com/fesssghgbo,SMR,reddit,positive,update: smr partnership win,0.9996205568313599,0.0003736318903975189,5.856824827787932e-06,POSITIVE,0.9996205568313599
2025-08-23T20:14:21,$TSLA @jimcramer TSLA bullish momentum üöÄ http://example.com/ehcvikmr DYOR,TSLA,twitter,positive,tsla bullish momentum dyor,0.999998927116394,3.1034403491503326e-07,7.713696277278359e-07,POSITIVE,0.999998927116394
2025-08-23T20:42:21,@barronsonline Breaking: SMR selloff incoming üò¨ #AI https://news.site/dscrv,SMR,reddit,negative,breaking: smr selloff incoming,3.953845225623809e-05,0.9994041919708252,0.0005562062724493444,NEUTRAL,0.9994041919708252
2025-08-23T22:58:21,$SMR IMO: SMR analyst upgrade üöÄ,SMR,twitter,positive,imo: smr analyst upgrade,0.7340455055236816,0.2626170516014099,0.0033374454360455275,POSITIVE,0.7340455055236816
2025-08-23T23:50:21,$SMR SMR market indecisive üìå #options,SMR,twitter,neutral,smr market indecisive,1.8441322026774287e-05,0.999729573726654,0.0002519753761589527,NEUTRAL,0.999729573726654
2025-08-23T23:58:21,@cnbc FYI: MP files 10-Q üì∞ https://news.site/zlzqvg,MP,news,neutral,fyi: mp files 10-q,9.474186981606181e-07,0.9999630451202393,3.5995402868138626e-05,NEUTRAL,0.9999630451202393
2025-08-24T00:43:21,$AAPL @wsj Update: AAPL waiting for earnings üßæ #markets https://blog.finance/cdopzccuuww,AAPL,twitter,neutral,update: aapl waiting for earnings,0.018937867134809494,0.9371840357780457,0.043878134340047836,NEUTRAL,0.9371840357780457
2025-08-24T01:37:21,$NVDA @cnbc Heads up: NVDA expansion continues ‚úÖ #options,NVDA,reddit,positive,heads up: nvda expansion continues,0.9999938011169434,6.12611802353058e-06,1.686679951262704e-07,POSITIVE,0.9999938011169434
2025-08-24T03:00:21,$AAPL @barronsonline Heads up: AAPL costs under control üíé https://news.site/hmscwdzlv,AAPL,reddit,positive,heads up: aapl costs under control,0.08713950961828232,0.000255646271398291,0.912604808807373,NEGATIVE,0.912604808807373
2025-08-24T03:51:21,$SOFI @unusual_whales IMO: SOFI no material update üì∞,SOFI,news,neutral,imo: sofi no material update,0.0002069379115710035,0.9930477738380432,0.0067453705705702305,NEUTRAL,0.9930477738380432
2025-08-24T04:22:21,$AAPL IMO: AAPL profit warning üí• #markets,AAPL,news,negative,imo: aapl profit warning,0.008908398449420929,0.00027219418552704155,0.9908193945884705,NEGATIVE,0.9908193945884705
2025-08-24T04:51:21,$TSLA @wsj TSLA CEO interview airs üì∞ #earnings,TSLA,twitter,neutral,tsla ceo interview airs,1.084614495994174e-06,0.9997438788414001,0.0002551017387304455,NEUTRAL,0.9997438788414001
2025-08-24T05:08:21,$MP @barronsonline FYI: MP no material update üì∞,MP,twitter,neutral,fyi: mp no material update,0.00017160175775643438,0.9983912110328674,0.0014371122233569622,NEUTRAL,0.9983912110328674
2025-08-24T05:30:21,$NVDA @cnbc Update: NVDA shares unchanged üì∞ http://example.com/rgkautax,NVDA,twitter,neutral,update: nvda shares unchanged,0.11495596915483475,0.8849747180938721,6.929703522473574e-05,NEUTRAL,0.8849747180938721
2025-08-24T07:26:21,$SMR SMR crushing it üíé,SMR,twitter,positive,smr crushing it,5.927003712713486e-06,0.9998082518577576,0.00018585604266263545,NEUTRAL,0.9998082518577576
2025-08-24T07:35:21,$SOFI @bespokeinvest Update: SOFI new ATH üíé #stocks https://blog.finance/ophrmihihr,SOFI,reddit,positive,update: sofi new ath,0.07711602002382278,0.9225958585739136,0.0002880359534174204,NEUTRAL,0.9225958585739136
2025-08-24T07:39:21,$MP @elonmusk Update: MP CEO interview airs ü§î #earnings,MP,reddit,neutral,update: mp ceo interview airs,0.0003033178800251335,0.9996556043624878,4.1169892938341945e-05,NEUTRAL,0.9996556043624878
2025-08-24T08:11:21,@jimcramer Breaking: MP guidance raised üíé #options,MP,reddit,positive,breaking: mp guidance raised,0.9999998807907104,1.0630276392475935e-07,1.02812851565659e-08,POSITIVE,0.9999998807907104
2025-08-24T09:26:21,$MP @jimcramer Heads up: MP expansion continues üìà #markets https://blog.finance/hmtsoxy,MP,twitter,positive,heads up: mp expansion continues,0.9995403289794922,0.0004515890614129603,8.045617505558766e-06,POSITIVE,0.9995403289794922
2025-08-24T10:35:21,$MP IMO: MP under investigation üò¨ https://news.site/mdbqpqmfd,MP,twitter,negative,imo: mp under investigation,0.0003944865893572569,0.4256848096847534,0.573920726776123,NEGATIVE,0.573920726776123
2025-08-24T10:49:21,@cnbc Heads up: SMR waiting for earnings üì∞ #options,SMR,reddit,neutral,heads up: smr waiting for earnings,0.00048648161464370787,0.5506755709648132,0.44883790612220764,NEUTRAL,0.5506755709648132
2025-08-24T11:45:21,$TSLA @wsj TSLA execution concerns ü§¶ http://example.com/lfuoe,TSLA,reddit,negative,tsla execution concerns,1.4762305511339946e-07,2.673337746728066e-07,0.9999996423721313,NEGATIVE,0.9999996423721313
2025-08-24T12:19:21,$AAPL @barronsonline IMO: AAPL margin pressure üìâ #options https://news.site/xtnaa,AAPL,twitter,negative,imo: aapl margin pressure,1.204891214001691e-05,3.277580162830418e-07,0.9999876022338867,NEGATIVE,0.9999876022338867
2025-08-24T13:22:21,$TSLA @bespokeinvest Update: TSLA costs under control üíé #stocks,TSLA,news,positive,update: tsla costs under control,0.94345623254776,0.0001762369356583804,0.05636753886938095,POSITIVE,0.94345623254776
2025-08-24T14:34:21,$NVDA @jimcramer FYI: NVDA lawsuit risk ‚ùå #AI DYOR,NVDA,reddit,negative,fyi: nvda lawsuit risk dyor,0.0002510845079086721,0.009202995337545872,0.9905458688735962,NEGATIVE,0.9905458688735962
2025-08-24T14:42:21,$SOFI @jimcramer Breaking: SOFI CEO interview airs ü§î #fintwit https://blog.finance/jquqp DYOR,SOFI,twitter,neutral,breaking: sofi ceo interview airs dyor,2.5150907276838552e-06,0.9998818635940552,0.00011561051360331476,NEUTRAL,0.9998818635940552
2025-08-24T15:32:21,$AAPL @barronsonline IMO: AAPL AI tailwinds üöÄ #earnings DYOR,AAPL,news,positive,imo: aapl ai tailwinds dyor,0.0008097738027572632,0.9989674091339111,0.000222805465455167,NEUTRAL,0.9989674091339111
2025-08-24T16:01:21,$MP MP demand slowing ü©ª #options DYOR,MP,news,negative,mp demand slowing dyor,6.78957849231665e-06,1.8434940329825622e-06,0.9999914169311523,NEGATIVE,0.9999914169311523
2025-08-24T16:23:21,$AAPL @elonmusk IMO: AAPL range-bound action üßæ #fintwit,AAPL,news,neutral,imo: aapl range-bound action,0.05933450907468796,0.9389780163764954,0.001687519601546228,NEUTRAL,0.9389780163764954
2025-08-24T16:32:21,$TSLA @barronsonline FYI: TSLA range-bound action üîç DYOR,TSLA,reddit,neutral,fyi: tsla range-bound action dyor,1.0839972901521833e-06,0.9999737739562988,2.5141767764580436e-05,NEUTRAL,0.9999737739562988
2025-08-24T16:49:21,$AAPL FYI: AAPL guidance cut ü©ª DYOR,AAPL,news,negative,fyi: aapl guidance cut dyor,1.5120595890039112e-05,2.089350346068386e-05,0.9999639987945557,NEGATIVE,0.9999639987945557
2025-08-24T17:27:21,$MP Heads up: MP shares unchanged ü§î #stocks,MP,twitter,neutral,heads up: mp shares unchanged,0.0028317542746663094,0.9970979690551758,7.02337856637314e-05,NEUTRAL,0.9970979690551758
2025-08-24T18:08:21,$NVDA Breaking: NVDA record revenue üò§ DYOR,NVDA,reddit,positive,breaking: nvda record revenue dyor,1.0,3.067269771506176e-09,2.8081871050744667e-08,POSITIVE,1.0
2025-08-24T18:12:21,$TSLA Update: TSLA expansion continues üî• #investing https://news.site/cklvrmk,TSLA,news,positive,update: tsla expansion continues,0.9931907057762146,0.006800745148211718,8.4713137766812e-06,POSITIVE,0.9931907057762146
2025-08-24T19:25:21,Breaking: TSLA files 10-Q üì∞ #options,TSLA,twitter,neutral,breaking: tsla files 10-q,8.471928936160111e-07,0.9998942613601685,0.00010485888196853921,NEUTRAL,0.9998942613601685
2025-08-24T20:13:21,$SOFI SOFI trading flat üîç,SOFI,twitter,neutral,sofi trading flat,0.0014898725785315037,0.991314709186554,0.007195468991994858,NEUTRAL,0.991314709186554
2025-08-24T20:57:21,$SOFI @jimcramer Heads up: SOFI conference next week üîç #markets,SOFI,reddit,neutral,heads up: sofi conference next week,1.873454209544434e-07,0.999998927116394,8.509539384249365e-07,NEUTRAL,0.999998927116394
2025-08-25T00:37:21,Heads up: SMR trading flat ü§î #investing DYOR,SMR,news,neutral,heads up: smr trading flat dyor,0.00042170865344814956,0.9992997646331787,0.00027852514176629484,NEUTRAL,0.9992997646331787
2025-08-25T04:09:21,$MP IMO: MP under investigation üìâ #markets,MP,news,negative,imo: mp under investigation,0.0003944867348764092,0.4256848990917206,0.5739206671714783,NEGATIVE,0.5739206671714783
2025-08-25T04:22:21,$AAPL @barronsonline FYI: AAPL demand slowing üí• #AI https://news.site/bfqkglulw,AAPL,twitter,negative,fyi: aapl demand slowing,0.00013687262253370136,6.405452950275503e-06,0.99985671043396,NEGATIVE,0.99985671043396
2025-08-25T04:38:21,$AAPL @bespokeinvest Update: AAPL range-bound action üì∞ #stocks,AAPL,reddit,neutral,update: aapl range-bound action,0.7618193030357361,0.2376134842634201,0.0005672057741321623,POSITIVE,0.7618193030357361
2025-08-25T04:43:21,$MP IMO: MP dilution fears ‚ùå DYOR,MP,reddit,negative,imo: mp dilution fears dyor,0.0320873036980629,0.6141512393951416,0.3537614345550537,NEUTRAL,0.6141512393951416
2025-08-25T05:21:21,$TSLA TSLA sector rotation üßæ DYOR,TSLA,reddit,neutral,tsla sector rotation dyor,1.997688741539605e-05,0.9961134195327759,0.0038666315376758575,NEUTRAL,0.9961134195327759
2025-08-25T07:09:21,$MP Heads up: MP unveils new product üìå #earnings DYOR,MP,twitter,neutral,heads up: mp unveils new product dyor,5.686405984306475e-06,0.999880313873291,0.00011389538121875376,NEUTRAL,0.999880313873291
2025-08-25T08:44:21,$TSLA FYI: TSLA files 10-Q üîç #markets,TSLA,reddit,neutral,fyi: tsla files 10-q,1.5940956927806837e-06,0.9998018145561218,0.00019664998399093747,NEUTRAL,0.9998018145561218
2025-08-25T10:48:21,$TSLA @jimcramer TSLA bullish momentum üöÄ #markets,TSLA,news,positive,tsla bullish momentum,0.9999998807907104,8.599810641385375e-09,1.7257868023534684e-07,POSITIVE,0.9999998807907104
2025-08-25T11:26:21,$SMR Update: SMR massive beat ‚úÖ,SMR,news,positive,update: smr massive beat,0.9999986886978149,1.0630675433276338e-06,2.4725747493903327e-07,POSITIVE,0.9999986886978149
2025-08-25T12:06:21,$SMR Breaking: SMR partnership win üìà #options,SMR,twitter,positive,breaking: smr partnership win,0.8681184649467468,0.13143420219421387,0.00044730055378749967,POSITIVE,0.8681184649467468
2025-08-25T14:09:21,$SOFI @wsj Heads up: SOFI margin pressure ü§¶ #fintwit https://blog.finance/voitoffsr,SOFI,reddit,negative,heads up: sofi margin pressure,5.779607818112709e-06,2.98420417266243e-07,0.9999939203262329,NEGATIVE,0.9999939203262329
2025-08-25T14:29:21,$TSLA Heads up: TSLA expansion continues üî•,TSLA,news,positive,heads up: tsla expansion continues,0.8947575688362122,0.10515542328357697,8.702742343302816e-05,POSITIVE,0.8947575688362122
2025-08-25T15:45:21,$SMR Update: SMR demand slowing ü§¶ #markets DYOR,SMR,news,negative,update: smr demand slowing dyor,0.013334599323570728,0.0026109011378139257,0.9840545058250427,NEGATIVE,0.9840545058250427
2025-08-25T17:53:21,$AAPL @wsj FYI: AAPL downgraded to sell üí• DYOR,AAPL,twitter,negative,fyi: aapl downgraded to sell dyor,0.0001027164762490429,6.578547981916927e-06,0.9998906850814819,NEGATIVE,0.9998906850814819
2025-08-25T19:04:21,$AAPL Heads up: AAPL record revenue üíé https://blog.finance/toguuhry,AAPL,news,positive,heads up: aapl record revenue,1.0,1.4453178653894838e-09,7.161194304217133e-09,POSITIVE,1.0
2025-08-25T19:23:21,$MP @bespokeinvest IMO: MP missed revenue ü©ª,MP,reddit,negative,imo: mp missed revenue,5.680527010554215e-06,1.7081453052014695e-07,0.999994158744812,NEGATIVE,0.999994158744812
2025-08-25T19:28:21,$MP MP record revenue üìà http://example.com/eenjlo DYOR,MP,reddit,positive,mp record revenue dyor,0.9999998807907104,1.4902054701337875e-08,8.651161209627389e-08,POSITIVE,0.9999998807907104
2025-08-25T19:38:21,$SMR Breaking: SMR beats expectations üíé #earnings,SMR,reddit,positive,breaking: smr beats expectations,1.0,1.249371628375684e-08,3.422101713113079e-08,POSITIVE,1.0
2025-08-25T20:56:21,$MP Heads up: MP no material update üìå #investing http://example.com/nueokjw,MP,news,neutral,heads up: mp no material update,0.00017445669800508767,0.9927965998649597,0.007028989493846893,NEUTRAL,0.9927965998649597
2025-08-25T21:42:21,IMO: NVDA guidance raised üî•,NVDA,reddit,positive,imo: nvda guidance raised,0.9999998807907104,6.178390776767628e-08,1.1296649837788664e-08,POSITIVE,0.9999998807907104
2025-08-25T22:02:21,$AAPL Update: AAPL expansion continues üíé http://example.com/jucgsanunn,AAPL,twitter,positive,update: aapl expansion continues,0.9999780654907227,2.0028568542329594e-05,1.9022249944100622e-06,POSITIVE,0.9999780654907227
2025-08-25T22:33:21,$NVDA FYI: NVDA under investigation üò¨,NVDA,news,negative,fyi: nvda under investigation,0.00027920922730118036,0.6670757532119751,0.3326450288295746,NEUTRAL,0.6670757532119751
2025-08-25T23:29:21,@elonmusk FYI: MP CEO interview airs ü§î #investing,MP,twitter,neutral,fyi: mp ceo interview airs,1.0769330174298375e-06,0.9999511241912842,4.781583629664965e-05,NEUTRAL,0.9999511241912842
2025-08-25T23:38:21,$SOFI @barronsonline SOFI AI tailwinds üöÄ #stocks http://example.com/oofgkqlar,SOFI,news,positive,sofi ai tailwinds,0.0025240236427634954,0.9939332604408264,0.003542727790772915,NEUTRAL,0.9939332604408264
2025-08-26T00:05:21,$MP MP margin pressure ü©ª,MP,news,negative,mp margin pressure,2.2206381800060626e-06,1.2392352743972879e-07,0.999997615814209,NEGATIVE,0.999997615814209
2025-08-26T00:16:21,$NVDA IMO: NVDA guidance raised üìà #markets,NVDA,news,positive,imo: nvda guidance raised,0.9999998807907104,6.178390776767628e-08,1.1296649837788664e-08,POSITIVE,0.9999998807907104
