timestamp,ticker,source,text,label_bucket,pred_label,pred_score,POSITIVE,NEUTRAL,NEGATIVE
2025-08-16T00:29:21,TSLA,news,IMO: TSLA massive beat üò§ #AI DYOR,positive,NEUTRAL,0.9993823766708374,0.00018838257528841496,0.9993823766708374,0.00042928289622068405
2025-08-16T01:13:21,AAPL,news,$AAPL @jimcramer Breaking: AAPL waiting for earnings üìå DYOR,neutral,NEUTRAL,0.8000788688659668,0.04227003827691078,0.8000788688659668,0.15765102207660675
2025-08-16T02:06:21,SOFI,news,$SOFI @barronsonline FYI: SOFI sector rotation üì∞ #earnings,neutral,NEUTRAL,0.9587398171424866,0.0019458354217931628,0.9587398171424866,0.03931441903114319
2025-08-16T02:17:21,AAPL,reddit,$AAPL Update: AAPL profit warning ‚ùå,negative,POSITIVE,0.8291307091712952,0.8291307091712952,0.007274685427546501,0.16359452903270721
2025-08-16T03:28:21,TSLA,twitter,$TSLA Breaking: TSLA strong demand ‚úÖ #stocks,positive,POSITIVE,1.0,1.0,2.973716384246927e-09,5.417216009107051e-09
2025-08-16T05:39:21,SOFI,reddit,Update: SOFI strong demand üò§ DYOR,positive,POSITIVE,1.0,1.0,1.216121869873632e-08,1.0511216785857869e-08
2025-08-16T06:04:21,TSLA,twitter,$TSLA Breaking: TSLA solid earnings üò§ #AI,positive,POSITIVE,1.0,1.0,4.211591519975855e-09,1.027705121003919e-08
2025-08-16T07:09:21,TSLA,twitter,@elonmusk TSLA rumors circulating üì∞,neutral,NEUTRAL,0.996803879737854,1.545066334074363e-05,0.996803879737854,0.0031806910410523415
2025-08-16T07:34:21,SMR,twitter,$SMR @jimcramer Update: SMR margin pressure ‚ùå #earnings DYOR,negative,NEGATIVE,0.9997417330741882,0.00018192199058830738,7.631433254573494e-05,0.9997417330741882
2025-08-16T08:28:21,MP,reddit,$MP Heads up: MP CEO interview airs üìå #markets DYOR,neutral,NEUTRAL,0.9999734163284302,6.617959797949879e-07,0.9999734163284302,2.5878713131533004e-05
2025-08-16T08:54:21,SMR,news,$SMR FYI: SMR rips higher üöÄ,positive,POSITIVE,0.9996590614318848,0.9996590614318848,0.0003378047258593142,3.1428421607415657e-06
2025-08-16T09:00:21,NVDA,reddit,$NVDA Update: NVDA files 10-Q üîç,neutral,NEUTRAL,0.9999743700027466,1.0589038538455497e-05,0.9999743700027466,1.506852640886791e-05
2025-08-16T09:05:21,MP,news,@elonmusk Breaking: MP shares unchanged üì∞ https://news.site/sfqgmxvc,neutral,NEUTRAL,0.9384846091270447,0.06136905774474144,0.9384846091270447,0.0001463524968130514
2025-08-16T12:11:21,NVDA,twitter,$NVDA Heads up: NVDA beats expectations üíé #AI,positive,POSITIVE,1.0,1.0,2.6225792648659763e-09,6.326473567241919e-09
2025-08-16T12:50:21,AAPL,twitter,Heads up: AAPL rips higher üò§ #fintwit DYOR,positive,POSITIVE,0.9996144771575928,0.9996144771575928,0.0003729308082256466,1.2552682164823636e-05
2025-08-16T13:11:21,NVDA,twitter,$NVDA @elonmusk Heads up: NVDA costs under control üíé,positive,NEGATIVE,0.8109043836593628,0.18883396685123444,0.000261688488535583,0.8109043836593628
2025-08-16T15:36:21,SMR,news,FYI: SMR massive beat üî• https://blog.finance/ukrtgesjbm DYOR,positive,NEUTRAL,0.9357851147651672,0.060476355254650116,0.9357851147651672,0.003738573519513011
2025-08-16T16:09:21,SOFI,reddit,$SOFI IMO: SOFI supply issues üí• #markets https://news.site/qkznyczezg DYOR,negative,NEGATIVE,0.9997609257698059,2.0255961317161564e-06,0.00023707016953267157,0.9997609257698059
2025-08-16T16:24:21,SOFI,reddit,$SOFI Breaking: SOFI lawsuit risk üò¨ #options http://example.com/aynstrjbrii,negative,NEGATIVE,0.9996960163116455,0.00024497328558936715,5.901339682168327e-05,0.9996960163116455
2025-08-16T17:40:21,MP,reddit,$MP @jimcramer Heads up: MP analyst upgrade üíé #fintwit,positive,POSITIVE,0.9915876984596252,0.9915876984596252,0.008307700976729393,0.00010462530917720869
2025-08-16T17:49:21,MP,news,$MP @bespokeinvest Breaking: MP dilution fears üí• #fintwit,negative,NEGATIVE,0.5235069394111633,0.4190949499607086,0.05739806964993477,0.5235069394111633
2025-08-16T18:24:21,MP,reddit,$MP @barronsonline MP new ATH ‚úÖ #stocks https://blog.finance/cygiudbzpt,positive,NEUTRAL,0.9776870012283325,0.019543057307600975,0.9776870012283325,0.002770044142380357
2025-08-16T18:44:21,MP,news,$MP @cnbc FYI: MP crushing it üò§ http://example.com/fusmoxddmno,positive,NEUTRAL,0.9910041093826294,0.008018548600375652,0.9910041093826294,0.000977393938228488
2025-08-16T19:13:21,SOFI,news,@bespokeinvest IMO: SOFI AI tailwinds üò§,positive,NEUTRAL,0.9990578293800354,0.00032245824695564806,0.9990578293800354,0.0006196724134497344
2025-08-16T19:19:21,NVDA,twitter,$NVDA IMO: NVDA execution concerns ü§¶ http://example.com/gixcdjdfk,negative,NEGATIVE,0.9999995231628418,2.8391710316100216e-07,1.828776277079669e-07,0.9999995231628418
2025-08-16T19:40:21,SOFI,reddit,$SOFI @unusual_whales Update: SOFI unveils new product ü§î https://blog.finance/myhkxvntuxm,neutral,POSITIVE,0.5240821838378906,0.5240821838378906,0.47522157430648804,0.0006962058832868934
2025-08-16T19:43:21,SOFI,twitter,$SOFI SOFI strong demand üíé #AI,positive,POSITIVE,1.0,1.0,4.948800036430612e-09,5.18418152850586e-09
2025-08-16T19:49:21,SMR,twitter,$SMR Breaking: SMR dilution fears üìâ https://news.site/bjfitjt,negative,NEGATIVE,0.870540976524353,0.09625287353992462,0.03320610150694847,0.870540976524353
2025-08-16T21:50:21,NVDA,twitter,$NVDA @wsj FYI: NVDA weak outlook ü©ª,negative,NEGATIVE,0.9999972581863403,2.69023053078854e-06,6.709722555342523e-08,0.9999972581863403
2025-08-16T21:51:21,AAPL,twitter,$AAPL @barronsonline AAPL crushing it üöÄ #fintwit,positive,POSITIVE,0.9813312292098999,0.9813312292098999,0.014363383874297142,0.004305328242480755
2025-08-16T22:07:21,NVDA,twitter,FYI: NVDA margin pressure ‚ùå http://example.com/oxjyfpvgs,negative,NEGATIVE,0.999988317489624,1.1534225450304803e-05,1.2068770161022258e-07,0.999988317489624
2025-08-16T23:43:21,MP,news,$MP Breaking: MP record revenue üöÄ #AI DYOR,positive,POSITIVE,1.0,1.0,9.141714052418592e-09,4.752767068794128e-08
2025-08-17T00:04:21,MP,reddit,$MP @wsj MP beats expectations ‚úÖ DYOR,positive,POSITIVE,0.9999998807907104,0.9999998807907104,1.6532805346969326e-08,1.1626563889421959e-07
2025-08-17T01:09:21,TSLA,news,$TSLA IMO: TSLA rumors circulating üìå #markets,neutral,NEUTRAL,0.9999352693557739,3.156530681280856e-07,0.9999352693557739,6.438100535888225e-05
2025-08-17T01:39:21,TSLA,twitter,$TSLA @bespokeinvest TSLA shares unchanged üîç #stocks,neutral,NEUTRAL,0.9999723434448242,7.95917549112346e-06,0.9999723434448242,1.9670049368869513e-05
2025-08-17T01:55:21,SOFI,twitter,$SOFI SOFI sector rotation üìå,neutral,NEUTRAL,0.7072300314903259,0.018168287351727486,0.7072300314903259,0.27460166811943054
2025-08-17T02:44:21,TSLA,twitter,$TSLA FYI: TSLA crushing it üò§,positive,NEUTRAL,0.9994534850120544,4.417724994709715e-06,0.9994534850120544,0.0005420712404884398
2025-08-17T03:54:21,AAPL,twitter,$AAPL @jimcramer Update: AAPL guidance raised üî• #options,positive,POSITIVE,0.9999995231628418,0.9999995231628418,4.3856968545696873e-07,2.2149929890247222e-08
2025-08-17T04:14:21,MP,news,$MP @wsj FYI: MP macro headwinds üò¨ #fintwit https://blog.finance/ethptpz,negative,NEGATIVE,0.999998927116394,8.082843692136521e-07,3.034531630419224e-07,0.999998927116394
2025-08-17T04:19:21,NVDA,twitter,$NVDA FYI: NVDA macro headwinds üí• #stocks,negative,NEGATIVE,0.9999986886978149,8.954640975389339e-07,3.637951806467754e-07,0.9999986886978149
2025-08-17T05:23:21,TSLA,news,$TSLA @wsj IMO: TSLA AI tailwinds ‚úÖ #earnings http://example.com/ymvkbqbdo,positive,NEUTRAL,0.9997636675834656,3.775719233090058e-05,0.9997636675834656,0.00019853454432450235
2025-08-17T06:16:21,TSLA,twitter,$TSLA FYI: TSLA missed revenue üìâ,negative,NEGATIVE,0.9999997615814209,1.7756867976004287e-07,5.303640904230633e-08,0.9999997615814209
2025-08-17T06:44:21,NVDA,news,$NVDA @jimcramer Breaking: NVDA strong demand üíé http://example.com/reebalphg,positive,POSITIVE,1.0,1.0,1.6490596665974522e-09,7.58172546966307e-09
2025-08-17T06:47:21,MP,reddit,MP conference next week ü§î #markets,neutral,NEUTRAL,0.9999991655349731,2.5506528800178785e-07,0.9999991655349731,5.690719717676984e-07
2025-08-17T06:52:21,SMR,twitter,Breaking: SMR expansion continues üî• #markets https://blog.finance/lmhkholpx,positive,POSITIVE,0.9997707009315491,0.9997707009315491,0.0002273845748277381,1.951459580595838e-06
2025-08-17T07:36:21,SMR,reddit,$SMR Update: SMR misses badly ü©ª #stocks,negative,NEGATIVE,0.9969900846481323,0.0028639868833124638,0.00014585061580874026,0.9969900846481323
2025-08-17T09:22:21,NVDA,news,$NVDA Heads up: NVDA beats expectations üî• #options,positive,POSITIVE,1.0,1.0,2.6225792648659763e-09,6.326473567241919e-09
2025-08-17T10:25:21,AAPL,reddit,$AAPL FYI: AAPL macro headwinds üìâ #investing,negative,NEGATIVE,0.9999988079071045,7.511381454605726e-07,4.6926953700676677e-07,0.9999988079071045
2025-08-17T10:40:21,SOFI,news,$SOFI @elonmusk IMO: SOFI misses badly üìâ DYOR,negative,NEGATIVE,0.9505032896995544,0.00020158608094789088,0.04929504916071892,0.9505032896995544
2025-08-17T11:23:21,SMR,reddit,$SMR @unusual_whales IMO: SMR strong demand üöÄ DYOR,positive,POSITIVE,1.0,1.0,8.276290763831184e-09,1.1301414915010355e-08
2025-08-17T14:06:21,SMR,twitter,@elonmusk SMR shares unchanged üîç http://example.com/ooczxldvm,neutral,NEUTRAL,0.9999241828918457,6.656243203906342e-05,0.9999241828918457,9.238948223355692e-06
2025-08-17T14:26:21,SMR,news,$SMR FYI: SMR shares unchanged üîç #fintwit,neutral,NEUTRAL,0.9999866485595703,4.036187874589814e-06,0.9999866485595703,9.283227882406209e-06
2025-08-17T14:27:21,SMR,news,$SMR IMO: SMR files 10-Q üì∞ #markets,neutral,NEUTRAL,0.9999538660049438,4.851488029089523e-07,0.9999538660049438,4.5642500481335446e-05
2025-08-17T15:20:21,NVDA,news,$NVDA FYI: NVDA shares unchanged üßæ #AI https://blog.finance/liesogubtsv,neutral,NEUTRAL,0.999679684638977,0.00022694880317430943,0.999679684638977,9.347702871309593e-05
2025-08-17T18:04:21,SMR,reddit,$SMR FYI: SMR unveils new product ü§î #markets,neutral,NEUTRAL,0.9999314546585083,2.599108711365261e-06,0.9999314546585083,6.597668107133359e-05
2025-08-17T18:04:21,MP,news,@bespokeinvest Heads up: MP selloff incoming üìâ,negative,NEUTRAL,0.998904824256897,0.0006336935912258923,0.998904824256897,0.0004614890494849533
2025-08-17T18:47:21,MP,reddit,Update: MP expansion continues üöÄ #earnings,positive,POSITIVE,0.9997851252555847,0.9997851252555847,0.00020791871065739542,6.860228040750371e-06
2025-08-17T19:31:21,SOFI,news,$SOFI Heads up: SOFI beats expectations üìà,positive,POSITIVE,1.0,1.0,7.499057375071061e-09,1.648060532488671e-08
2025-08-17T19:55:21,AAPL,news,$AAPL Breaking: AAPL partnership win üöÄ #markets https://news.site/lgkreepjrm,positive,POSITIVE,0.9999986886978149,0.9999986886978149,5.556903488468379e-07,6.963567216189404e-07
2025-08-17T20:01:21,TSLA,reddit,$TSLA IMO: TSLA expansion continues üíé DYOR,positive,NEUTRAL,0.9775291681289673,0.022232577204704285,0.9775291681289673,0.00023819277703296393
2025-08-17T20:26:21,SOFI,reddit,$SOFI @wsj IMO: SOFI solid earnings üíé https://news.site/cjjhsavkawuz,positive,POSITIVE,1.0,1.0,3.1619080687050882e-09,5.5899658235603056e-09
2025-08-17T20:44:21,MP,reddit,$MP @unusual_whales Heads up: MP AI tailwinds üíé #fintwit,positive,POSITIVE,0.998171329498291,0.998171329498291,0.0008376616751775146,0.000990946195088327
2025-08-17T20:57:21,MP,news,$MP MP no material update ü§î #markets,neutral,NEUTRAL,0.9962132573127747,0.00021522410679608583,0.9962132573127747,0.0035715766716748476
2025-08-17T21:25:21,MP,twitter,$MP @cnbc FYI: MP rips higher üíé,positive,POSITIVE,0.9999078512191772,0.9999078512191772,8.859638182912022e-05,3.5608888993010623e-06
2025-08-17T23:03:21,SMR,reddit,$SMR IMO: SMR AI tailwinds üî• https://news.site/mbtfrr,positive,NEUTRAL,0.9997085928916931,0.00016630225582048297,0.9997085928916931,0.00012507814972195774
2025-08-18T01:07:21,SMR,reddit,$SMR IMO: SMR guidance cut üìâ #investing,negative,NEGATIVE,0.9996178150177002,0.0001559681841172278,0.00022615224588662386,0.9996178150177002
2025-08-18T04:50:21,MP,reddit,$MP @bespokeinvest Heads up: MP rips higher üò§ http://example.com/xhkdyhmcxdlr,positive,POSITIVE,0.9998117089271545,0.9998117089271545,0.0001825503131840378,5.73196712139179e-06
2025-08-18T06:37:21,SMR,reddit,IMO: SMR trading flat ü§î,neutral,NEUTRAL,0.9999301433563232,2.2789934064348927e-06,0.9999301433563232,6.760279211448506e-05
2025-08-18T06:38:21,MP,reddit,$MP @wsj Breaking: MP crushing it ‚úÖ,positive,NEUTRAL,0.8102235794067383,0.18596814572811127,0.8102235794067383,0.003808230860158801
2025-08-18T07:15:21,MP,reddit,$MP IMO: MP unveils new product üîç #fintwit,neutral,NEUTRAL,0.9996970891952515,5.662391413352452e-05,0.9996970891952515,0.00024636686430312693
2025-08-18T09:32:21,AAPL,twitter,FYI: AAPL sector rotation ü§î #markets,neutral,POSITIVE,0.7411034107208252,0.7411034107208252,0.22887717187404633,0.03001941740512848
2025-08-18T09:56:21,TSLA,reddit,$TSLA Heads up: TSLA record revenue üî• http://example.com/ucwdjupag DYOR,positive,POSITIVE,1.0,1.0,9.748209350846082e-09,1.2467007870498037e-08
2025-08-18T10:10:21,SOFI,news,$SOFI @wsj Update: SOFI rips higher üò§ #AI,positive,POSITIVE,0.9997254014015198,0.9997254014015198,0.00027136606513522565,3.1597787710779812e-06
2025-08-18T10:23:21,AAPL,news,$AAPL Breaking: AAPL no material update üßæ #AI,neutral,NEUTRAL,0.9988592863082886,9.395367669640109e-05,0.9988592863082886,0.0010467639658600092
2025-08-18T11:07:21,AAPL,reddit,$AAPL @bespokeinvest FYI: AAPL range-bound action üîç #earnings,neutral,NEUTRAL,0.9979395270347595,0.001571278553456068,0.9979395270347595,0.0004891200223937631
2025-08-18T12:02:21,MP,reddit,$MP @bespokeinvest IMO: MP waiting for earnings üßæ #investing https://blog.finance/lxkvksii,neutral,NEGATIVE,0.9513072371482849,0.037379972636699677,0.011312857270240784,0.9513072371482849
2025-08-18T12:13:21,TSLA,news,$TSLA @barronsonline Breaking: TSLA market indecisive üì∞ DYOR,neutral,NEUTRAL,0.9998283386230469,2.7833061722049024e-06,0.9998283386230469,0.00016887355013750494
2025-08-18T12:18:21,AAPL,news,$AAPL @wsj AAPL analyst upgrade üìà,positive,POSITIVE,0.9987598657608032,0.9987598657608032,0.0012043328024446964,3.5880369978258386e-05
2025-08-18T12:28:21,AAPL,reddit,$AAPL FYI: AAPL solid earnings üíé #AI http://example.com/vjtouvzvpq DYOR,positive,POSITIVE,1.0,1.0,1.8001377055654189e-09,1.0779483972100934e-08
2025-08-18T12:31:21,MP,news,$MP Heads up: MP guidance raised üöÄ DYOR,positive,POSITIVE,0.9999960660934448,0.9999960660934448,3.834099970845273e-06,1.5724094737379346e-07
2025-08-18T13:17:21,TSLA,news,$TSLA Breaking: TSLA no material update üîç #options https://news.site/ijsuocbeqrhr,neutral,NEUTRAL,0.9987938404083252,6.197240145411342e-05,0.9987938404083252,0.0011441756505519152
2025-08-18T13:41:21,SOFI,reddit,$SOFI @barronsonline Breaking: SOFI supply issues üí• #investing,negative,NEGATIVE,0.9999734163284302,1.038376194628654e-05,1.6240435797953978e-05,0.9999734163284302
2025-08-18T14:33:21,NVDA,twitter,@cnbc Heads up: NVDA crushing it ‚úÖ,positive,POSITIVE,0.9945065379142761,0.9945065379142761,0.005312369205057621,0.00018097538850270212
2025-08-18T14:50:21,NVDA,reddit,$NVDA @cnbc IMO: NVDA rips higher üöÄ #fintwit,positive,POSITIVE,0.9999994039535522,0.9999994039535522,5.261725846139598e-07,1.395144408888882e-07
2025-08-18T14:52:21,NVDA,twitter,$NVDA @elonmusk Heads up: NVDA strong demand üò§ #options,positive,POSITIVE,1.0,1.0,1.2975207575038894e-09,2.4886976923710336e-09
2025-08-18T15:10:21,NVDA,twitter,@bespokeinvest IMO: NVDA strong demand üöÄ DYOR,positive,POSITIVE,1.0,1.0,3.116951141635127e-09,8.92725537937622e-09
2025-08-18T15:51:21,AAPL,twitter,$AAPL @unusual_whales Heads up: AAPL waiting for earnings üßæ http://example.com/ncnxjs,neutral,NEGATIVE,0.7278838157653809,0.07756293565034866,0.1945532113313675,0.7278838157653809
2025-08-18T15:54:21,TSLA,twitter,$TSLA @cnbc TSLA guidance cut üí• #markets,negative,NEGATIVE,0.9966981410980225,0.0002031534822890535,0.003098712069913745,0.9966981410980225
2025-08-18T17:19:21,SMR,news,$SMR Heads up: SMR market indecisive üßæ DYOR,neutral,NEUTRAL,0.9999635219573975,1.3136037750882679e-06,0.9999635219573975,3.516105061862618e-05
2025-08-18T17:43:21,AAPL,reddit,$AAPL @elonmusk Heads up: AAPL weak outlook ü§¶ #earnings DYOR,negative,NEGATIVE,0.9999970197677612,2.570251353972708e-06,3.867730526962987e-07,0.9999970197677612
2025-08-18T18:06:21,NVDA,reddit,Update: NVDA rips higher üò§ #AI,positive,POSITIVE,0.9999994039535522,0.9999994039535522,5.998327878842247e-07,5.495182620052219e-08
2025-08-18T19:10:21,MP,twitter,$MP @barronsonline Update: MP market indecisive üßæ #stocks,neutral,NEUTRAL,0.9552281498908997,0.04356469213962555,0.9552281498908997,0.0012071339879184961
2025-08-18T19:12:21,NVDA,news,$NVDA @jimcramer IMO: NVDA conference next week üßæ,neutral,NEUTRAL,0.9999972581863403,1.6714728872102569e-06,0.9999972581863403,1.131230760620383e-06
2025-08-18T19:40:21,NVDA,reddit,$NVDA NVDA dilution fears üò¨ #markets,negative,NEGATIVE,0.9960353970527649,0.003935885149985552,2.8724440198857337e-05,0.9960353970527649
2025-08-18T20:01:21,NVDA,twitter,$NVDA NVDA rumors circulating üîç DYOR,neutral,NEUTRAL,0.9711955189704895,4.2472554923733696e-05,0.9711955189704895,0.028761984780430794
2025-08-18T20:59:21,AAPL,news,@jimcramer AAPL demand slowing üí• https://blog.finance/ijuvrv,negative,NEGATIVE,0.9993959665298462,0.0006004392053000629,3.6002875276608393e-06,0.9993959665298462
2025-08-19T00:04:21,MP,news,$MP Breaking: MP guidance cut ü§¶ #fintwit,negative,NEGATIVE,0.9999200105667114,7.34617788111791e-05,6.5252665990556125e-06,0.9999200105667114
2025-08-19T00:15:21,SOFI,twitter,$SOFI @unusual_whales Breaking: SOFI under investigation üí• #options,negative,NEUTRAL,0.6835401654243469,0.0003638647322077304,0.6835401654243469,0.3160960078239441
2025-08-19T00:33:21,AAPL,news,$AAPL @cnbc FYI: AAPL bullish momentum üìà,positive,POSITIVE,1.0,1.0,3.4964438011542143e-09,3.102989154513125e-08
2025-08-19T00:39:21,TSLA,news,$TSLA FYI: TSLA new ATH üöÄ,positive,NEUTRAL,0.9999741315841675,3.2120119612955023e-06,0.9999741315841675,2.2641597752226517e-05
2025-08-19T00:42:21,SOFI,twitter,$SOFI IMO: SOFI analyst upgrade üî• https://blog.finance/mhjnzvudgqwo DYOR,positive,NEUTRAL,0.9976084232330322,0.00031779269920662045,0.9976084232330322,0.0020738395396620035
2025-08-19T01:11:21,SMR,twitter,$SMR @bespokeinvest FYI: SMR supply issues ü©ª http://example.com/xykkjkcficsi DYOR,negative,NEGATIVE,0.989162802696228,7.631700100318994e-06,0.010829520411789417,0.989162802696228
2025-08-19T01:14:21,AAPL,reddit,$AAPL @jimcramer IMO: AAPL costs under control ‚úÖ #stocks DYOR,positive,NEGATIVE,0.9990399479866028,0.0005685600335709751,0.00039142314926721156,0.9990399479866028
2025-08-19T01:26:21,TSLA,twitter,$TSLA @unusual_whales Heads up: TSLA missed revenue ü§¶ #stocks https://news.site/bvmnqoshajoe,negative,NEGATIVE,0.9999997615814209,2.2978677804985637e-07,5.0564665343699744e-08,0.9999997615814209
2025-08-19T02:02:21,SMR,reddit,$SMR Update: SMR conference next week üßæ #AI DYOR,neutral,NEUTRAL,0.9999442100524902,5.4120919230626896e-05,0.9999442100524902,1.6583884416832007e-06
2025-08-19T03:26:21,SOFI,reddit,$SOFI Heads up: SOFI guidance raised üò§ #investing,positive,POSITIVE,0.9999983310699463,0.9999983310699463,1.7120331676778733e-06,2.2546826627944938e-08
2025-08-19T04:12:21,MP,reddit,$MP @jimcramer FYI: MP selloff incoming ü©ª,negative,NEUTRAL,0.9980084300041199,0.0002569709322415292,0.9980084300041199,0.0017346481326967478
2025-08-19T04:14:21,SOFI,news,$SOFI IMO: SOFI files 10-Q ü§î #fintwit http://example.com/iikvm DYOR,neutral,NEUTRAL,0.9999581575393677,2.8006643333355896e-06,0.9999581575393677,3.90960049116984e-05
2025-08-19T04:17:21,MP,twitter,@jimcramer Heads up: MP guidance raised üíé #markets,positive,POSITIVE,0.9999995231628418,0.9999995231628418,4.217236835302174e-07,1.148965367292476e-08
2025-08-19T04:22:21,MP,reddit,$MP @jimcramer IMO: MP costs under control ‚úÖ #markets,positive,NEGATIVE,0.9972488284111023,0.002657052129507065,9.413727093487978e-05,0.9972488284111023
2025-08-19T07:21:21,MP,reddit,$MP Update: MP rips higher ‚úÖ #stocks https://blog.finance/hplrjbwjz,positive,POSITIVE,0.9999969005584717,0.9999969005584717,2.663130317159812e-06,4.6771785378041386e-07
2025-08-19T08:23:21,AAPL,twitter,$AAPL AAPL expansion continues üò§ DYOR,positive,POSITIVE,0.9991637468338013,0.9991637468338013,0.0006808322505094111,0.00015547359362244606
2025-08-19T08:28:21,SMR,news,$SMR @jimcramer Heads up: SMR market indecisive üì∞ #options http://example.com/yjtonkqgctmk,neutral,NEUTRAL,0.9999071359634399,2.1509970338229323e-06,0.9999071359634399,9.067984501598403e-05
2025-08-19T09:49:21,NVDA,reddit,$NVDA NVDA range-bound action üîç DYOR,neutral,NEUTRAL,0.9993937015533447,0.0004929796559736133,0.9993937015533447,0.00011330176494084299
2025-08-19T12:18:21,AAPL,reddit,$AAPL @jimcramer Heads up: AAPL selloff incoming ü§¶,negative,NEUTRAL,0.8196960091590881,0.0026282251346856356,0.8196960091590881,0.1776757389307022
2025-08-19T13:27:21,NVDA,reddit,$NVDA Breaking: NVDA files 10-Q ü§î DYOR,neutral,NEUTRAL,0.9999850988388062,1.077549086403451e-06,0.9999850988388062,1.3784881957690232e-05
2025-08-19T14:15:21,SOFI,twitter,$SOFI @bespokeinvest FYI: SOFI sector rotation üßæ https://news.site/zsntvbzqlri,neutral,NEUTRAL,0.958739697933197,0.0019458463648334146,0.958739697933197,0.039314545691013336
2025-08-19T14:28:21,SMR,news,$SMR @bespokeinvest Breaking: SMR solid earnings üî•,positive,POSITIVE,1.0,1.0,3.2905871361066374e-09,1.6814153624977735e-08
2025-08-19T16:50:21,TSLA,reddit,$TSLA Heads up: TSLA range-bound action ü§î https://blog.finance/dhnneyers,neutral,NEUTRAL,0.9998447895050049,2.960302481369581e-05,0.9998447895050049,0.00012558873277157545
2025-08-19T16:53:21,SMR,twitter,$SMR Update: SMR execution concerns ü©ª #fintwit,negative,NEGATIVE,0.9999978542327881,1.5126177004276542e-06,6.267231924539374e-07,0.9999978542327881
2025-08-19T18:33:21,MP,twitter,$MP IMO: MP market indecisive üßæ #markets,neutral,NEUTRAL,0.9992427825927734,0.00019454727589618415,0.9992427825927734,0.0005626781494356692
2025-08-19T20:14:21,AAPL,news,$AAPL @cnbc Heads up: AAPL unveils new product ü§î https://blog.finance/twzdjoimgg DYOR,neutral,NEUTRAL,0.9999265670776367,1.435475678590592e-05,0.9999265670776367,5.912684355280362e-05
2025-08-19T20:39:21,NVDA,reddit,$NVDA FYI: NVDA AI tailwinds üìà,positive,NEUTRAL,0.9940324425697327,0.0031291088089346886,0.9940324425697327,0.0028385468758642673
2025-08-19T21:13:21,TSLA,twitter,$TSLA IMO: TSLA new ATH üìà #AI,positive,NEUTRAL,0.9999402761459351,1.7526155716041103e-05,0.9999402761459351,4.215656372252852e-05
2025-08-19T21:14:21,TSLA,news,$TSLA @unusual_whales TSLA bullish momentum üöÄ http://example.com/lwstjk,positive,POSITIVE,0.9999998807907104,0.9999998807907104,8.599810641385375e-09,1.7257868023534684e-07
2025-08-19T22:15:21,TSLA,reddit,$TSLA Update: TSLA missed revenue üò¨ #options DYOR,negative,NEGATIVE,0.9999982118606567,9.989408908950281e-07,7.66659297823935e-07,0.9999982118606567
2025-08-20T01:20:21,AAPL,reddit,$AAPL @cnbc FYI: AAPL sector rotation üìå DYOR,neutral,NEUTRAL,0.9983248114585876,0.00022815470583736897,0.9983248114585876,0.001447053044103086
2025-08-20T02:21:21,AAPL,twitter,$AAPL FYI: AAPL range-bound action üìå,neutral,NEUTRAL,0.9979395270347595,0.0015712755266577005,0.9979395270347595,0.0004891200223937631
2025-08-20T03:05:21,SMR,reddit,Heads up: SMR massive beat ‚úÖ #options,positive,POSITIVE,0.9999978542327881,0.9999978542327881,1.4840063613519305e-06,6.613206551264739e-07
2025-08-20T03:10:21,MP,news,$MP @jimcramer Breaking: MP supply issues üìâ,negative,NEGATIVE,0.9999083280563354,6.902594031998888e-05,2.26289703277871e-05,0.9999083280563354
2025-08-20T03:27:21,MP,news,$MP @jimcramer Update: MP demand slowing ü©ª #investing https://news.site/nsujvgo,negative,NEGATIVE,0.999029278755188,0.0009663411765359342,4.3591335270321e-06,0.999029278755188
2025-08-20T03:57:21,TSLA,twitter,$TSLA @cnbc IMO: TSLA new ATH üíé #options,positive,NEUTRAL,0.9999402761459351,1.752613934513647e-05,0.9999402761459351,4.215656372252852e-05
2025-08-20T05:25:21,MP,news,$MP @wsj MP beats expectations üò§ #AI http://example.com/xijusqspegof,positive,POSITIVE,1.0,1.0,4.727819469252381e-09,1.4256955616076539e-08
2025-08-20T06:18:21,NVDA,reddit,$NVDA @barronsonline Heads up: NVDA partnership win üî• #markets,positive,POSITIVE,0.9999992847442627,0.9999992847442627,2.4177811042136454e-07,4.283941734684049e-07
2025-08-20T06:26:21,SMR,news,@wsj FYI: SMR rumors circulating üîç #earnings DYOR,neutral,NEUTRAL,0.9999970197677612,1.3538894449993677e-07,0.9999970197677612,2.8132262741564773e-06
2025-08-20T07:41:21,SOFI,news,$SOFI @bespokeinvest Heads up: SOFI guidance raised üò§ DYOR,positive,POSITIVE,0.9999507665634155,0.9999507665634155,4.8801328375702724e-05,4.4048604763702315e-07
2025-08-20T07:56:21,SMR,news,$SMR Update: SMR margin pressure üí• #fintwit https://news.site/scuaoykywm DYOR,negative,NEGATIVE,0.9997417330741882,0.00018192060815636069,7.631462358403951e-05,0.9997417330741882
2025-08-20T08:04:21,NVDA,reddit,@bespokeinvest FYI: NVDA shares unchanged üì∞ #investing DYOR,neutral,NEUTRAL,0.9999402761459351,3.0419476388487965e-05,0.9999402761459351,2.9278351576067507e-05
2025-08-20T08:07:21,TSLA,reddit,@unusual_whales IMO: TSLA costs under control üî• https://blog.finance/waoczhzom,positive,NEGATIVE,0.998214840888977,0.001645815558731556,0.0001393404818372801,0.998214840888977
2025-08-20T08:32:21,SMR,reddit,$SMR @jimcramer IMO: SMR shares unchanged ü§î DYOR,neutral,NEUTRAL,0.9999934434890747,2.302441316714976e-06,0.9999934434890747,4.270335921319202e-06
2025-08-20T09:24:21,NVDA,reddit,$NVDA IMO: NVDA trading flat ü§î DYOR,neutral,NEUTRAL,0.999554455280304,0.00019828903896268457,0.999554455280304,0.0002472161431796849
2025-08-20T12:22:21,MP,twitter,$MP Breaking: MP massive beat üî• #fintwit,positive,POSITIVE,0.9999994039535522,0.9999994039535522,2.4091499994938204e-07,4.1340942402712244e-07
2025-08-20T13:17:21,NVDA,reddit,$NVDA @wsj NVDA margin pressure ü§¶ #investing https://news.site/knxsidx,negative,NEGATIVE,0.9999945163726807,5.330737621989101e-06,1.489007814825527e-07,0.9999945163726807
2025-08-20T13:23:21,SMR,twitter,$SMR @bespokeinvest Heads up: SMR crushing it üî• #options,positive,NEUTRAL,0.9998399019241333,4.460099444258958e-05,0.9998399019241333,0.00011545593588380143
2025-08-20T13:52:21,MP,twitter,$MP Breaking: MP record revenue üî• #options DYOR,positive,POSITIVE,1.0,1.0,9.141714052418592e-09,4.752748949954366e-08
2025-08-20T18:53:21,SMR,twitter,@bespokeinvest FYI: SMR beats expectations üìà #markets DYOR,positive,POSITIVE,0.9999998807907104,0.9999998807907104,4.772369521788278e-08,9.480224605340482e-08
2025-08-20T19:32:21,TSLA,news,$TSLA Breaking: TSLA margin pressure üìâ #options,negative,NEGATIVE,0.9999948740005493,4.933711807098007e-06,1.736181332034903e-07,0.9999948740005493
2025-08-20T19:36:21,SMR,reddit,$SMR @unusual_whales Breaking: SMR demand slowing üò¨ DYOR,negative,NEGATIVE,0.9997544884681702,0.0002109845809172839,3.4506068914197385e-05,0.9997544884681702
2025-08-20T19:44:21,NVDA,news,Breaking: NVDA rips higher üìà,positive,POSITIVE,0.9999982118606567,0.9999982118606567,1.5325050526371342e-06,2.623727652917296e-07
2025-08-20T19:52:21,TSLA,twitter,IMO: TSLA record revenue üò§ #AI,positive,POSITIVE,0.9999998807907104,0.9999998807907104,2.1711329623030906e-08,7.642388055728588e-08
2025-08-20T21:19:21,SOFI,reddit,$SOFI Breaking: SOFI conference next week üßæ #options DYOR,neutral,NEUTRAL,0.9999964237213135,8.0928043644235e-07,0.9999964237213135,2.77009030469344e-06
2025-08-20T23:03:21,TSLA,twitter,@jimcramer Update: TSLA record revenue üöÄ #AI DYOR,positive,POSITIVE,1.0,1.0,1.252229697712437e-08,3.1139695266801937e-08
2025-08-20T23:57:21,NVDA,twitter,Breaking: NVDA guidance raised üî• #investing,positive,POSITIVE,1.0,1.0,4.790381780139796e-08,8.269379847547498e-09
2025-08-21T02:59:21,AAPL,twitter,$AAPL @bespokeinvest AAPL under investigation ü©ª https://blog.finance/kgfwb,negative,NEGATIVE,0.9203391671180725,0.00017086540174204856,0.07948992401361465,0.9203391671180725
2025-08-21T03:37:21,NVDA,twitter,$NVDA NVDA range-bound action üßæ http://example.com/khoptero DYOR,neutral,NEUTRAL,0.9993937015533447,0.0004929796559736133,0.9993937015533447,0.00011330176494084299
2025-08-21T04:08:21,NVDA,news,$NVDA @barronsonline IMO: NVDA expansion continues ‚úÖ #AI https://blog.finance/gfwdmbkknkgi DYOR,positive,POSITIVE,0.9805850386619568,0.9805850386619568,0.019339807331562042,7.520061626564711e-05
2025-08-21T04:13:21,SOFI,reddit,$SOFI @wsj IMO: SOFI guidance cut ‚ùå,negative,NEGATIVE,0.999984860420227,5.224052983976435e-06,9.86456416285364e-06,0.999984860420227
2025-08-21T05:37:21,TSLA,news,$TSLA @wsj Heads up: TSLA range-bound action üßæ http://example.com/ttxssk DYOR,neutral,NEUTRAL,0.999984622001648,1.1722676163117285e-06,0.999984622001648,1.4146957255434245e-05
2025-08-21T05:47:21,NVDA,reddit,$NVDA @wsj Heads up: NVDA strong demand ‚úÖ #AI,positive,POSITIVE,1.0,1.0,1.2975207575038894e-09,2.4886976923710336e-09
2025-08-21T06:33:21,MP,reddit,$MP @bespokeinvest FYI: MP sector rotation ü§î https://blog.finance/hffogoyitms,neutral,POSITIVE,0.6418704390525818,0.6418704390525818,0.322313517332077,0.03581606596708298
2025-08-21T08:08:21,SOFI,twitter,$SOFI IMO: SOFI partnership win üíé #options,positive,POSITIVE,0.9333214163780212,0.9333214163780212,0.06639055162668228,0.0002881065011024475
2025-08-21T10:07:21,SMR,twitter,Breaking: SMR execution concerns ü©ª #markets DYOR,negative,NEGATIVE,0.9999501705169678,1.3508611118595582e-05,3.633333835750818e-05,0.9999501705169678
2025-08-21T12:53:21,TSLA,twitter,$TSLA @jimcramer TSLA under investigation ‚ùå,negative,NEGATIVE,0.846875011920929,0.00027616266743279994,0.1528487652540207,0.846875011920929
2025-08-21T13:02:21,AAPL,twitter,$AAPL @jimcramer Heads up: AAPL missed revenue ‚ùå #earnings https://blog.finance/uxccdenvgkj,negative,NEGATIVE,0.999994158744812,5.693044386134716e-06,1.7841999522261176e-07,0.999994158744812
2025-08-21T13:45:21,SMR,twitter,$SMR Breaking: SMR partnership win üî•,positive,POSITIVE,0.868115246295929,0.868115246295929,0.13143743574619293,0.00044730675290338695
2025-08-21T15:05:21,AAPL,reddit,$AAPL @elonmusk AAPL waiting for earnings üîç #AI,neutral,NEGATIVE,0.9345826506614685,0.06227085739374161,0.0031465264037251472,0.9345826506614685
2025-08-21T16:39:21,NVDA,news,FYI: NVDA AI tailwinds üöÄ #markets,positive,NEUTRAL,0.9940324425697327,0.003129091113805771,0.9940324425697327,0.002838551066815853
2025-08-21T17:01:21,NVDA,twitter,$NVDA @bespokeinvest Update: NVDA costs under control üöÄ https://news.site/yptsk DYOR,positive,NEGATIVE,0.6621400713920593,0.33669525384902954,0.001164694782346487,0.6621400713920593
2025-08-21T18:19:21,TSLA,news,$TSLA @bespokeinvest Heads up: TSLA crushing it üìà #investing https://blog.finance/nzblvi,positive,NEUTRAL,0.9995235204696655,1.9936625903937966e-05,0.9995235204696655,0.0004565807175822556
2025-08-21T18:57:21,MP,news,$MP FYI: MP demand slowing üìâ http://example.com/sqticaijhde,negative,NEGATIVE,0.9996688365936279,0.00032615510281175375,5.022833192924736e-06,0.9996688365936279
2025-08-21T18:57:21,SMR,reddit,$SMR @barronsonline IMO: SMR profit warning üò¨ #options,negative,NEUTRAL,0.9421142339706421,0.0035613335203379393,0.9421142339706421,0.05432441458106041
2025-08-21T19:28:21,SMR,news,$SMR @elonmusk Update: SMR strong demand üöÄ #earnings DYOR,positive,POSITIVE,1.0,1.0,4.42002878742187e-09,7.67840102611217e-09
2025-08-21T20:43:21,SOFI,reddit,$SOFI FYI: SOFI profit warning ü©ª #fintwit DYOR,negative,NEUTRAL,0.9986395239830017,4.2314743041060865e-05,0.9986395239830017,0.0013182122493162751
2025-08-21T21:39:21,NVDA,reddit,$NVDA @wsj IMO: NVDA guidance raised ‚úÖ #markets https://news.site/smqldakv,positive,POSITIVE,0.9999998807907104,0.9999998807907104,6.178414935220644e-08,1.1296649837788664e-08
2025-08-22T00:25:21,NVDA,reddit,$NVDA Update: NVDA macro headwinds üìâ #earnings,negative,NEGATIVE,0.9999960660934448,3.4662427879084134e-06,4.215750664116058e-07,0.9999960660934448
2025-08-22T00:49:21,SOFI,reddit,@jimcramer SOFI massive beat ‚úÖ #options,positive,POSITIVE,0.9679485559463501,0.9679485559463501,0.031456515192985535,0.0005949726910330355
2025-08-22T01:09:21,NVDA,reddit,@bespokeinvest FYI: NVDA macro headwinds ü©ª,negative,NEGATIVE,0.9999986886978149,8.954640975389339e-07,3.637951806467754e-07,0.9999986886978149
2025-08-22T01:47:21,SOFI,news,$SOFI Breaking: SOFI crushing it ‚úÖ,positive,NEUTRAL,0.9978790283203125,0.00041523604886606336,0.9978790283203125,0.0017056609503924847
2025-08-22T02:11:21,SOFI,twitter,$SOFI SOFI no material update üìå #AI https://blog.finance/pnywkazsvpxc DYOR,neutral,NEUTRAL,0.9922785758972168,0.000603491673246026,0.9922785758972168,0.0071179368533194065
2025-08-22T02:45:21,MP,reddit,$MP MP massive beat üò§,positive,POSITIVE,0.9999747276306152,0.9999747276306152,1.2196516763651744e-05,1.3091680557408836e-05
2025-08-22T02:57:21,SOFI,twitter,$SOFI Update: SOFI beats expectations üöÄ #investing,positive,POSITIVE,1.0,1.0,5.1975175274776575e-09,1.4161745554019944e-08
2025-08-22T03:30:21,SOFI,reddit,$SOFI Heads up: SOFI record revenue üò§,positive,POSITIVE,1.0,1.0,1.971220520147199e-09,5.1470272488529645e-09
2025-08-22T03:35:21,AAPL,twitter,$AAPL @unusual_whales FYI: AAPL range-bound action ü§î #earnings,neutral,NEUTRAL,0.9979395270347595,0.001571278553456068,0.9979395270347595,0.0004891200223937631
2025-08-22T03:37:21,MP,reddit,$MP Breaking: MP sector rotation üì∞ #earnings,neutral,POSITIVE,0.9957446455955505,0.9957446455955505,0.003594011766836047,0.0006613362929783762
2025-08-22T05:08:21,TSLA,news,$TSLA @bespokeinvest IMO: TSLA crushing it üìà https://news.site/erktwll DYOR,positive,NEUTRAL,0.999925971031189,2.563461976023973e-06,0.999925971031189,7.142890535760671e-05
2025-08-22T05:15:21,TSLA,twitter,$TSLA @elonmusk Update: TSLA supply issues ü§¶ #earnings http://example.com/rmzikkcjl DYOR,negative,NEUTRAL,0.6103998422622681,0.006262409035116434,0.6103998422622681,0.38333776593208313
2025-08-22T06:27:21,MP,news,$MP Heads up: MP shares unchanged üßæ #earnings https://news.site/nkdjeqs,neutral,NEUTRAL,0.9970980882644653,0.0028317300602793694,0.9970980882644653,7.02339893905446e-05
2025-08-22T07:04:21,TSLA,news,$TSLA @unusual_whales IMO: TSLA selloff incoming üìâ,negative,NEUTRAL,0.9994926452636719,9.502420653006993e-06,0.9994926452636719,0.0004978285869583488
2025-08-22T07:24:21,SOFI,twitter,IMO: SOFI under investigation üìâ #AI,negative,NEUTRAL,0.7935299277305603,0.0002601072774268687,0.7935299277305603,0.2062099277973175
2025-08-22T07:35:21,SOFI,twitter,$SOFI Heads up: SOFI rips higher üìà #fintwit DYOR,positive,POSITIVE,0.7710064649581909,0.7710064649581909,0.22814948856830597,0.0008440005476586521
2025-08-22T08:25:21,SOFI,news,$SOFI @elonmusk Heads up: SOFI partnership win ‚úÖ,positive,POSITIVE,0.9998233914375305,0.9998233914375305,0.00015033376985229552,2.6374698791187257e-05
2025-08-22T09:35:21,AAPL,news,$AAPL @jimcramer AAPL market indecisive üßæ http://example.com/gwcwdvftrwpl,neutral,NEGATIVE,0.806831419467926,0.002949976362287998,0.19021861255168915,0.806831419467926
2025-08-22T09:37:21,TSLA,twitter,$TSLA @bespokeinvest FYI: TSLA unveils new product üßæ #investing https://blog.finance/ynxvdtkbh,neutral,NEUTRAL,0.9997091889381409,3.201000481567462e-06,0.9997091889381409,0.00028760050190612674
2025-08-22T11:12:21,MP,twitter,$MP MP under investigation üí• #fintwit,negative,NEUTRAL,0.6308162212371826,0.001119854161515832,0.6308162212371826,0.36806392669677734
2025-08-22T11:15:21,SOFI,reddit,$SOFI Breaking: SOFI new ATH üöÄ #investing https://news.site/yiauttlrjbnf,positive,NEUTRAL,0.9996702671051025,0.00015595376316923648,0.9996702671051025,0.00017372251022607088
2025-08-22T13:59:21,TSLA,reddit,$TSLA @bespokeinvest FYI: TSLA guidance raised üíé #AI,positive,POSITIVE,0.9999954700469971,0.9999954700469971,4.418047410581494e-06,6.998239854283383e-08
2025-08-22T15:40:21,AAPL,twitter,$AAPL FYI: AAPL conference next week üîç #stocks,neutral,NEUTRAL,0.9999991655349731,3.232196377211949e-07,0.9999991655349731,4.960609203408239e-07
2025-08-22T15:57:21,MP,twitter,$MP Heads up: MP no material update üìå #earnings https://news.site/bqstlcc DYOR,neutral,NEUTRAL,0.9971269965171814,4.197470479994081e-05,0.9971269965171814,0.002831045538187027
2025-08-22T16:58:21,AAPL,twitter,$AAPL @elonmusk AAPL trading flat ü§î #stocks,neutral,NEUTRAL,0.9720198512077332,0.006589169148355722,0.9720198512077332,0.021390996873378754
2025-08-22T17:01:21,TSLA,reddit,$TSLA Breaking: TSLA conference next week ü§î #earnings DYOR,neutral,NEUTRAL,0.9999943971633911,5.933517286393908e-07,0.9999943971633911,5.047329068474937e-06
2025-08-22T17:14:21,TSLA,news,$TSLA Update: TSLA demand slowing üí•,negative,NEGATIVE,0.9975885152816772,0.002314650919288397,9.680186485638842e-05,0.9975885152816772
2025-08-22T17:34:21,MP,news,$MP @cnbc Breaking: MP massive beat ‚úÖ http://example.com/jlugqgpshya,positive,POSITIVE,0.9999994039535522,0.9999994039535522,2.4091454520203115e-07,4.134086282192584e-07
2025-08-22T19:03:21,NVDA,twitter,$NVDA Heads up: NVDA analyst upgrade üìà,positive,POSITIVE,0.9991642236709595,0.9991642236709595,0.0008299718028865755,5.860530109202955e-06
2025-08-22T19:11:21,TSLA,reddit,$TSLA Breaking: TSLA waiting for earnings üì∞ #stocks,neutral,NEGATIVE,0.8455501198768616,0.00044600124238058925,0.15400385856628418,0.8455501198768616
2025-08-22T19:53:21,TSLA,reddit,$TSLA FYI: TSLA execution concerns ‚ùå,negative,NEGATIVE,0.9999996423721313,1.746798972135366e-07,1.4114488067207276e-07,0.9999996423721313
2025-08-22T20:43:21,AAPL,news,$AAPL @elonmusk IMO: AAPL rips higher üöÄ #investing,positive,POSITIVE,0.9999938011169434,0.9999938011169434,5.544217401620699e-06,5.648627734444744e-07
2025-08-22T21:11:21,SOFI,news,$SOFI FYI: SOFI strong demand üöÄ #earnings http://example.com/nkqvrbs,positive,POSITIVE,1.0,1.0,5.717226247980989e-09,4.550785970280913e-09
2025-08-22T21:58:21,TSLA,twitter,@bespokeinvest Update: TSLA under investigation ü©ª #investing,negative,NEUTRAL,0.911683201789856,0.0032780771143734455,0.911683201789856,0.08503875881433487
2025-08-22T22:37:21,AAPL,twitter,$AAPL @wsj Update: AAPL partnership win üî• #markets DYOR,positive,POSITIVE,0.9669163823127747,0.9669163823127747,0.032873429358005524,0.000210179656278342
2025-08-22T22:40:21,TSLA,news,$TSLA @elonmusk Heads up: TSLA record revenue üíé http://example.com/socljmojg DYOR,positive,POSITIVE,1.0,1.0,9.748172047352455e-09,1.2466983889680705e-08
2025-08-23T01:13:21,SMR,news,$SMR Breaking: SMR lawsuit risk ü©ª http://example.com/jxeyausrfgxi,negative,NEGATIVE,0.998970627784729,0.0005755348247475922,0.00045385476551018655,0.998970627784729
2025-08-23T03:04:21,SMR,reddit,$SMR @cnbc Update: SMR guidance cut ‚ùå DYOR,negative,NEGATIVE,0.5946171879768372,0.030641263350844383,0.3747415542602539,0.5946171879768372
2025-08-23T03:40:21,SOFI,reddit,$SOFI Breaking: SOFI profit warning üò¨ #earnings,negative,NEGATIVE,0.9889211654663086,0.010701335966587067,0.00037748931208625436,0.9889211654663086
2025-08-23T03:59:21,SMR,twitter,$SMR @unusual_whales FYI: SMR new ATH üíé,positive,NEUTRAL,0.9999943971633911,8.264036637228855e-07,0.9999943971633911,4.798690497409552e-06
2025-08-23T04:39:21,TSLA,twitter,$TSLA @unusual_whales TSLA waiting for earnings üì∞ DYOR,neutral,NEUTRAL,0.9919095635414124,9.210950338456314e-06,0.9919095635414124,0.008081258274614811
2025-08-23T05:43:21,MP,reddit,$MP @bespokeinvest FYI: MP AI tailwinds üò§ #stocks DYOR,positive,NEUTRAL,0.9998713731765747,1.640976006456185e-05,0.9998713731765747,0.0001121893510571681
2025-08-23T05:55:21,NVDA,twitter,NVDA beats expectations üî•,positive,POSITIVE,1.0,1.0,1.7387568052029678e-09,1.0470556865982417e-08
2025-08-23T06:48:21,SMR,twitter,$SMR @bespokeinvest Update: SMR rumors circulating ü§î #investing DYOR,neutral,NEUTRAL,0.9997777342796326,0.00021100718004163355,0.9997777342796326,1.1378094313840847e-05
2025-08-23T06:56:21,NVDA,reddit,$NVDA Heads up: NVDA dilution fears üìâ #fintwit http://example.com/upeemkn,negative,NEGATIVE,0.991054117679596,0.0072675286792218685,0.0016783634200692177,0.991054117679596
2025-08-23T07:05:21,TSLA,reddit,$TSLA @cnbc TSLA shares unchanged üîç #investing DYOR,neutral,NEUTRAL,0.9999556541442871,1.9009103198186494e-05,0.9999556541442871,2.540649256843608e-05
2025-08-23T07:21:21,NVDA,twitter,$NVDA @bespokeinvest Breaking: NVDA guidance cut ü§¶ http://example.com/ywooc DYOR,negative,NEGATIVE,0.9991180300712585,0.0007981855887919664,8.374687604373321e-05,0.9991180300712585
2025-08-23T07:52:21,TSLA,twitter,$TSLA FYI: TSLA misses badly ü©ª #AI,negative,NEGATIVE,0.9999809265136719,1.538201468065381e-05,3.681568159663584e-06,0.9999809265136719
2025-08-23T09:17:21,MP,twitter,$MP Breaking: MP solid earnings üìà https://blog.finance/vcwvdybylsmj,positive,POSITIVE,1.0,1.0,4.624743255021713e-09,1.1076084049932433e-08
2025-08-23T09:47:21,SOFI,reddit,$SOFI @barronsonline FYI: SOFI costs under control üìà #investing,positive,NEGATIVE,0.9830394387245178,0.0169157013297081,4.480006828089245e-05,0.9830394387245178
2025-08-23T09:47:21,NVDA,twitter,$NVDA @cnbc Breaking: NVDA costs under control üî•,positive,NEGATIVE,0.5337144732475281,0.46612831950187683,0.00015724408149253577,0.5337144732475281
2025-08-23T11:18:21,MP,news,Heads up: MP record revenue üöÄ #markets,positive,POSITIVE,1.0,1.0,3.2413820516552505e-09,1.1203247218816159e-08
2025-08-23T12:29:21,SMR,reddit,$SMR @cnbc Breaking: SMR waiting for earnings üìå DYOR,neutral,NEUTRAL,0.9930458664894104,6.679251237073913e-05,0.9930458664894104,0.006887331139296293
2025-08-23T12:54:21,SOFI,news,Breaking: SOFI bullish momentum üìà #fintwit https://blog.finance/tyozk,positive,POSITIVE,1.0,1.0,2.608336879816875e-09,1.9201596757056905e-08
2025-08-23T15:00:21,TSLA,twitter,$TSLA Heads up: TSLA CEO interview airs üßæ https://blog.finance/yooezwmimc DYOR,neutral,NEUTRAL,0.9999704360961914,3.7192199897617684e-07,0.9999704360961914,2.9153710784157738e-05
2025-08-23T15:20:21,TSLA,twitter,$TSLA FYI: TSLA missed revenue üìâ http://example.com/bdsdcnjbsr,negative,NEGATIVE,0.9999997615814209,1.7756850922978629e-07,5.303651207100302e-08,0.9999997615814209
2025-08-23T15:44:21,NVDA,reddit,IMO: NVDA sector rotation ü§î,neutral,POSITIVE,0.9457587003707886,0.9457587003707886,0.03722696378827095,0.017014460638165474
2025-08-23T17:07:21,TSLA,news,Heads up: TSLA missed revenue ü§¶ #options,negative,NEGATIVE,0.9999997615814209,2.2978677804985637e-07,5.0564665343699744e-08,0.9999997615814209
2025-08-23T18:05:21,MP,news,$MP @jimcramer Update: MP supply issues üí• #markets DYOR,negative,NEGATIVE,0.942799985408783,0.014328958466649055,0.04287112504243851,0.942799985408783
2025-08-23T18:09:21,SMR,reddit,$SMR IMO: SMR dilution fears ‚ùå #investing https://news.site/excsqxlggb,negative,NEGATIVE,0.9985224604606628,0.0012215806636959314,0.00025595055194571614,0.9985224604606628
2025-08-23T18:29:21,AAPL,news,$AAPL FYI: AAPL beats expectations üöÄ,positive,POSITIVE,1.0,1.0,2.9189874961588202e-09,7.76959296899804e-09
2025-08-23T18:59:21,SMR,reddit,$SMR SMR conference next week üîç #AI http://example.com/agcixebyz,neutral,NEUTRAL,0.999998927116394,4.4743612193087756e-07,0.999998927116394,5.538583423003729e-07
2025-08-23T19:16:21,SMR,reddit,$SMR Update: SMR partnership win üöÄ http://example.com/fesssghgbo,positive,POSITIVE,0.9996205568313599,0.9996205568313599,0.0003736318903975189,5.856824827787932e-06
2025-08-23T20:14:21,TSLA,twitter,$TSLA @jimcramer TSLA bullish momentum üöÄ http://example.com/ehcvikmr DYOR,positive,POSITIVE,0.999998927116394,0.999998927116394,3.1034403491503326e-07,7.713696277278359e-07
2025-08-23T20:42:21,SMR,reddit,@barronsonline Breaking: SMR selloff incoming üò¨ #AI https://news.site/dscrv,negative,NEUTRAL,0.9994041919708252,3.953845225623809e-05,0.9994041919708252,0.0005562062724493444
2025-08-23T22:58:21,SMR,twitter,$SMR IMO: SMR analyst upgrade üöÄ,positive,POSITIVE,0.7340455055236816,0.7340455055236816,0.2626170516014099,0.0033374454360455275
2025-08-23T23:50:21,SMR,twitter,$SMR SMR market indecisive üìå #options,neutral,NEUTRAL,0.999729573726654,1.8441322026774287e-05,0.999729573726654,0.0002519753761589527
2025-08-23T23:58:21,MP,news,@cnbc FYI: MP files 10-Q üì∞ https://news.site/zlzqvg,neutral,NEUTRAL,0.9999630451202393,9.474186981606181e-07,0.9999630451202393,3.5995402868138626e-05
2025-08-24T00:43:21,AAPL,twitter,$AAPL @wsj Update: AAPL waiting for earnings üßæ #markets https://blog.finance/cdopzccuuww,neutral,NEUTRAL,0.9371840357780457,0.018937867134809494,0.9371840357780457,0.043878134340047836
2025-08-24T01:37:21,NVDA,reddit,$NVDA @cnbc Heads up: NVDA expansion continues ‚úÖ #options,positive,POSITIVE,0.9999938011169434,0.9999938011169434,6.12611802353058e-06,1.686679951262704e-07
2025-08-24T03:00:21,AAPL,reddit,$AAPL @barronsonline Heads up: AAPL costs under control üíé https://news.site/hmscwdzlv,positive,NEGATIVE,0.912604808807373,0.08713950961828232,0.000255646271398291,0.912604808807373
2025-08-24T03:51:21,SOFI,news,$SOFI @unusual_whales IMO: SOFI no material update üì∞,neutral,NEUTRAL,0.9930477738380432,0.0002069379115710035,0.9930477738380432,0.0067453705705702305
2025-08-24T04:22:21,AAPL,news,$AAPL IMO: AAPL profit warning üí• #markets,negative,NEGATIVE,0.9908193945884705,0.008908398449420929,0.00027219418552704155,0.9908193945884705
2025-08-24T04:51:21,TSLA,twitter,$TSLA @wsj TSLA CEO interview airs üì∞ #earnings,neutral,NEUTRAL,0.9997438788414001,1.084614495994174e-06,0.9997438788414001,0.0002551017387304455
2025-08-24T05:08:21,MP,twitter,$MP @barronsonline FYI: MP no material update üì∞,neutral,NEUTRAL,0.9983912110328674,0.00017160175775643438,0.9983912110328674,0.0014371122233569622
2025-08-24T05:30:21,NVDA,twitter,$NVDA @cnbc Update: NVDA shares unchanged üì∞ http://example.com/rgkautax,neutral,NEUTRAL,0.8849747180938721,0.11495596915483475,0.8849747180938721,6.929703522473574e-05
2025-08-24T07:26:21,SMR,twitter,$SMR SMR crushing it üíé,positive,NEUTRAL,0.9998082518577576,5.927003712713486e-06,0.9998082518577576,0.00018585604266263545
2025-08-24T07:35:21,SOFI,reddit,$SOFI @bespokeinvest Update: SOFI new ATH üíé #stocks https://blog.finance/ophrmihihr,positive,NEUTRAL,0.9225958585739136,0.07711602002382278,0.9225958585739136,0.0002880359534174204
2025-08-24T07:39:21,MP,reddit,$MP @elonmusk Update: MP CEO interview airs ü§î #earnings,neutral,NEUTRAL,0.9996556043624878,0.0003033178800251335,0.9996556043624878,4.1169892938341945e-05
2025-08-24T08:11:21,MP,reddit,@jimcramer Breaking: MP guidance raised üíé #options,positive,POSITIVE,0.9999998807907104,0.9999998807907104,1.0630276392475935e-07,1.02812851565659e-08
2025-08-24T09:26:21,MP,twitter,$MP @jimcramer Heads up: MP expansion continues üìà #markets https://blog.finance/hmtsoxy,positive,POSITIVE,0.9995403289794922,0.9995403289794922,0.0004515890614129603,8.045617505558766e-06
2025-08-24T10:35:21,MP,twitter,$MP IMO: MP under investigation üò¨ https://news.site/mdbqpqmfd,negative,NEGATIVE,0.573920726776123,0.0003944865893572569,0.4256848096847534,0.573920726776123
2025-08-24T10:49:21,SMR,reddit,@cnbc Heads up: SMR waiting for earnings üì∞ #options,neutral,NEUTRAL,0.5506755709648132,0.00048648161464370787,0.5506755709648132,0.44883790612220764
2025-08-24T11:45:21,TSLA,reddit,$TSLA @wsj TSLA execution concerns ü§¶ http://example.com/lfuoe,negative,NEGATIVE,0.9999996423721313,1.4762305511339946e-07,2.673337746728066e-07,0.9999996423721313
2025-08-24T12:19:21,AAPL,twitter,$AAPL @barronsonline IMO: AAPL margin pressure üìâ #options https://news.site/xtnaa,negative,NEGATIVE,0.9999876022338867,1.204891214001691e-05,3.277580162830418e-07,0.9999876022338867
2025-08-24T13:22:21,TSLA,news,$TSLA @bespokeinvest Update: TSLA costs under control üíé #stocks,positive,POSITIVE,0.94345623254776,0.94345623254776,0.0001762369356583804,0.05636753886938095
2025-08-24T14:34:21,NVDA,reddit,$NVDA @jimcramer FYI: NVDA lawsuit risk ‚ùå #AI DYOR,negative,NEGATIVE,0.9905458688735962,0.0002510845079086721,0.009202995337545872,0.9905458688735962
2025-08-24T14:42:21,SOFI,twitter,$SOFI @jimcramer Breaking: SOFI CEO interview airs ü§î #fintwit https://blog.finance/jquqp DYOR,neutral,NEUTRAL,0.9998818635940552,2.5150907276838552e-06,0.9998818635940552,0.00011561051360331476
2025-08-24T15:32:21,AAPL,news,$AAPL @barronsonline IMO: AAPL AI tailwinds üöÄ #earnings DYOR,positive,NEUTRAL,0.9989674091339111,0.0008097738027572632,0.9989674091339111,0.000222805465455167
2025-08-24T16:01:21,MP,news,$MP MP demand slowing ü©ª #options DYOR,negative,NEGATIVE,0.9999914169311523,6.78957849231665e-06,1.8434940329825622e-06,0.9999914169311523
2025-08-24T16:23:21,AAPL,news,$AAPL @elonmusk IMO: AAPL range-bound action üßæ #fintwit,neutral,NEUTRAL,0.9389780163764954,0.05933450907468796,0.9389780163764954,0.001687519601546228
2025-08-24T16:32:21,TSLA,reddit,$TSLA @barronsonline FYI: TSLA range-bound action üîç DYOR,neutral,NEUTRAL,0.9999737739562988,1.0839972901521833e-06,0.9999737739562988,2.5141767764580436e-05
2025-08-24T16:49:21,AAPL,news,$AAPL FYI: AAPL guidance cut ü©ª DYOR,negative,NEGATIVE,0.9999639987945557,1.5120595890039112e-05,2.089350346068386e-05,0.9999639987945557
2025-08-24T17:27:21,MP,twitter,$MP Heads up: MP shares unchanged ü§î #stocks,neutral,NEUTRAL,0.9970979690551758,0.0028317542746663094,0.9970979690551758,7.02337856637314e-05
2025-08-24T18:08:21,NVDA,reddit,$NVDA Breaking: NVDA record revenue üò§ DYOR,positive,POSITIVE,1.0,1.0,3.067269771506176e-09,2.8081871050744667e-08
2025-08-24T18:12:21,TSLA,news,$TSLA Update: TSLA expansion continues üî• #investing https://news.site/cklvrmk,positive,POSITIVE,0.9931907057762146,0.9931907057762146,0.006800745148211718,8.4713137766812e-06
2025-08-24T19:25:21,TSLA,twitter,Breaking: TSLA files 10-Q üì∞ #options,neutral,NEUTRAL,0.9998942613601685,8.471928936160111e-07,0.9998942613601685,0.00010485888196853921
2025-08-24T20:13:21,SOFI,twitter,$SOFI SOFI trading flat üîç,neutral,NEUTRAL,0.991314709186554,0.0014898725785315037,0.991314709186554,0.007195468991994858
2025-08-24T20:57:21,SOFI,reddit,$SOFI @jimcramer Heads up: SOFI conference next week üîç #markets,neutral,NEUTRAL,0.999998927116394,1.873454209544434e-07,0.999998927116394,8.509539384249365e-07
2025-08-25T00:37:21,SMR,news,Heads up: SMR trading flat ü§î #investing DYOR,neutral,NEUTRAL,0.9992997646331787,0.00042170865344814956,0.9992997646331787,0.00027852514176629484
2025-08-25T04:09:21,MP,news,$MP IMO: MP under investigation üìâ #markets,negative,NEGATIVE,0.5739206671714783,0.0003944867348764092,0.4256848990917206,0.5739206671714783
2025-08-25T04:22:21,AAPL,twitter,$AAPL @barronsonline FYI: AAPL demand slowing üí• #AI https://news.site/bfqkglulw,negative,NEGATIVE,0.99985671043396,0.00013687262253370136,6.405452950275503e-06,0.99985671043396
2025-08-25T04:38:21,AAPL,reddit,$AAPL @bespokeinvest Update: AAPL range-bound action üì∞ #stocks,neutral,POSITIVE,0.7618193030357361,0.7618193030357361,0.2376134842634201,0.0005672057741321623
2025-08-25T04:43:21,MP,reddit,$MP IMO: MP dilution fears ‚ùå DYOR,negative,NEUTRAL,0.6141512393951416,0.0320873036980629,0.6141512393951416,0.3537614345550537
2025-08-25T05:21:21,TSLA,reddit,$TSLA TSLA sector rotation üßæ DYOR,neutral,NEUTRAL,0.9961134195327759,1.997688741539605e-05,0.9961134195327759,0.0038666315376758575
2025-08-25T07:09:21,MP,twitter,$MP Heads up: MP unveils new product üìå #earnings DYOR,neutral,NEUTRAL,0.999880313873291,5.686405984306475e-06,0.999880313873291,0.00011389538121875376
2025-08-25T08:44:21,TSLA,reddit,$TSLA FYI: TSLA files 10-Q üîç #markets,neutral,NEUTRAL,0.9998018145561218,1.5940956927806837e-06,0.9998018145561218,0.00019664998399093747
2025-08-25T10:48:21,TSLA,news,$TSLA @jimcramer TSLA bullish momentum üöÄ #markets,positive,POSITIVE,0.9999998807907104,0.9999998807907104,8.599810641385375e-09,1.7257868023534684e-07
2025-08-25T11:26:21,SMR,news,$SMR Update: SMR massive beat ‚úÖ,positive,POSITIVE,0.9999986886978149,0.9999986886978149,1.0630675433276338e-06,2.4725747493903327e-07
2025-08-25T12:06:21,SMR,twitter,$SMR Breaking: SMR partnership win üìà #options,positive,POSITIVE,0.8681184649467468,0.8681184649467468,0.13143420219421387,0.00044730055378749967
2025-08-25T14:09:21,SOFI,reddit,$SOFI @wsj Heads up: SOFI margin pressure ü§¶ #fintwit https://blog.finance/voitoffsr,negative,NEGATIVE,0.9999939203262329,5.779607818112709e-06,2.98420417266243e-07,0.9999939203262329
2025-08-25T14:29:21,TSLA,news,$TSLA Heads up: TSLA expansion continues üî•,positive,POSITIVE,0.8947575688362122,0.8947575688362122,0.10515542328357697,8.702742343302816e-05
2025-08-25T15:45:21,SMR,news,$SMR Update: SMR demand slowing ü§¶ #markets DYOR,negative,NEGATIVE,0.9840545058250427,0.013334599323570728,0.0026109011378139257,0.9840545058250427
2025-08-25T17:53:21,AAPL,twitter,$AAPL @wsj FYI: AAPL downgraded to sell üí• DYOR,negative,NEGATIVE,0.9998906850814819,0.0001027164762490429,6.578547981916927e-06,0.9998906850814819
2025-08-25T19:04:21,AAPL,news,$AAPL Heads up: AAPL record revenue üíé https://blog.finance/toguuhry,positive,POSITIVE,1.0,1.0,1.4453178653894838e-09,7.161194304217133e-09
2025-08-25T19:23:21,MP,reddit,$MP @bespokeinvest IMO: MP missed revenue ü©ª,negative,NEGATIVE,0.999994158744812,5.680527010554215e-06,1.7081453052014695e-07,0.999994158744812
2025-08-25T19:28:21,MP,reddit,$MP MP record revenue üìà http://example.com/eenjlo DYOR,positive,POSITIVE,0.9999998807907104,0.9999998807907104,1.4902054701337875e-08,8.651161209627389e-08
2025-08-25T19:38:21,SMR,reddit,$SMR Breaking: SMR beats expectations üíé #earnings,positive,POSITIVE,1.0,1.0,1.249371628375684e-08,3.422101713113079e-08
2025-08-25T20:56:21,MP,news,$MP Heads up: MP no material update üìå #investing http://example.com/nueokjw,neutral,NEUTRAL,0.9927965998649597,0.00017445669800508767,0.9927965998649597,0.007028989493846893
2025-08-25T21:42:21,NVDA,reddit,IMO: NVDA guidance raised üî•,positive,POSITIVE,0.9999998807907104,0.9999998807907104,6.178390776767628e-08,1.1296649837788664e-08
2025-08-25T22:02:21,AAPL,twitter,$AAPL Update: AAPL expansion continues üíé http://example.com/jucgsanunn,positive,POSITIVE,0.9999780654907227,0.9999780654907227,2.0028568542329594e-05,1.9022249944100622e-06
2025-08-25T22:33:21,NVDA,news,$NVDA FYI: NVDA under investigation üò¨,negative,NEUTRAL,0.6670757532119751,0.00027920922730118036,0.6670757532119751,0.3326450288295746
2025-08-25T23:29:21,MP,twitter,@elonmusk FYI: MP CEO interview airs ü§î #investing,neutral,NEUTRAL,0.9999511241912842,1.0769330174298375e-06,0.9999511241912842,4.781583629664965e-05
2025-08-25T23:38:21,SOFI,news,$SOFI @barronsonline SOFI AI tailwinds üöÄ #stocks http://example.com/oofgkqlar,positive,NEUTRAL,0.9939332604408264,0.0025240236427634954,0.9939332604408264,0.003542727790772915
2025-08-26T00:05:21,MP,news,$MP MP margin pressure ü©ª,negative,NEGATIVE,0.999997615814209,2.2206381800060626e-06,1.2392352743972879e-07,0.999997615814209
2025-08-26T00:16:21,NVDA,news,$NVDA IMO: NVDA guidance raised üìà #markets,positive,POSITIVE,0.9999998807907104,0.9999998807907104,6.178390776767628e-08,1.1296649837788664e-08
