timestamp,ticker,source,text,label_bucket
2025-08-16T00:29:21,TSLA,news,IMO: TSLA massive beat ğŸ˜¤ #AI DYOR,positive
2025-08-16T01:13:21,AAPL,news,$AAPL @jimcramer Breaking: AAPL waiting for earnings ğŸ“Œ DYOR,neutral
2025-08-16T02:06:21,SOFI,news,$SOFI @barronsonline FYI: SOFI sector rotation ğŸ“° #earnings,neutral
2025-08-16T02:17:21,AAPL,reddit,$AAPL Update: AAPL profit warning âŒ,negative
2025-08-16T03:28:21,TSLA,twitter,$TSLA Breaking: TSLA strong demand âœ… #stocks,positive
2025-08-16T05:39:21,SOFI,reddit,Update: SOFI strong demand ğŸ˜¤ DYOR,positive
2025-08-16T06:04:21,TSLA,twitter,$TSLA Breaking: TSLA solid earnings ğŸ˜¤ #AI,positive
2025-08-16T07:09:21,TSLA,twitter,@elonmusk TSLA rumors circulating ğŸ“°,neutral
2025-08-16T07:34:21,SMR,twitter,$SMR @jimcramer Update: SMR margin pressure âŒ #earnings DYOR,negative
2025-08-16T08:28:21,MP,reddit,$MP Heads up: MP CEO interview airs ğŸ“Œ #markets DYOR,neutral
2025-08-16T08:54:21,SMR,news,$SMR FYI: SMR rips higher ğŸš€,positive
2025-08-16T09:00:21,NVDA,reddit,$NVDA Update: NVDA files 10-Q ğŸ”,neutral
2025-08-16T09:05:21,MP,news,@elonmusk Breaking: MP shares unchanged ğŸ“° https://news.site/sfqgmxvc,neutral
2025-08-16T12:11:21,NVDA,twitter,$NVDA Heads up: NVDA beats expectations ğŸ’ #AI,positive
2025-08-16T12:50:21,AAPL,twitter,Heads up: AAPL rips higher ğŸ˜¤ #fintwit DYOR,positive
2025-08-16T13:11:21,NVDA,twitter,$NVDA @elonmusk Heads up: NVDA costs under control ğŸ’,positive
2025-08-16T15:36:21,SMR,news,FYI: SMR massive beat ğŸ”¥ https://blog.finance/ukrtgesjbm DYOR,positive
2025-08-16T16:09:21,SOFI,reddit,$SOFI IMO: SOFI supply issues ğŸ’¥ #markets https://news.site/qkznyczezg DYOR,negative
2025-08-16T16:24:21,SOFI,reddit,$SOFI Breaking: SOFI lawsuit risk ğŸ˜¬ #options http://example.com/aynstrjbrii,negative
2025-08-16T17:40:21,MP,reddit,$MP @jimcramer Heads up: MP analyst upgrade ğŸ’ #fintwit,positive
2025-08-16T17:49:21,MP,news,$MP @bespokeinvest Breaking: MP dilution fears ğŸ’¥ #fintwit,negative
2025-08-16T18:24:21,MP,reddit,$MP @barronsonline MP new ATH âœ… #stocks https://blog.finance/cygiudbzpt,positive
2025-08-16T18:44:21,MP,news,$MP @cnbc FYI: MP crushing it ğŸ˜¤ http://example.com/fusmoxddmno,positive
2025-08-16T19:13:21,SOFI,news,@bespokeinvest IMO: SOFI AI tailwinds ğŸ˜¤,positive
2025-08-16T19:19:21,NVDA,twitter,$NVDA IMO: NVDA execution concerns ğŸ¤¦ http://example.com/gixcdjdfk,negative
2025-08-16T19:40:21,SOFI,reddit,$SOFI @unusual_whales Update: SOFI unveils new product ğŸ¤” https://blog.finance/myhkxvntuxm,neutral
2025-08-16T19:43:21,SOFI,twitter,$SOFI SOFI strong demand ğŸ’ #AI,positive
2025-08-16T19:49:21,SMR,twitter,$SMR Breaking: SMR dilution fears ğŸ“‰ https://news.site/bjfitjt,negative
2025-08-16T21:50:21,NVDA,twitter,$NVDA @wsj FYI: NVDA weak outlook ğŸ©»,negative
2025-08-16T21:51:21,AAPL,twitter,$AAPL @barronsonline AAPL crushing it ğŸš€ #fintwit,positive
2025-08-16T22:07:21,NVDA,twitter,FYI: NVDA margin pressure âŒ http://example.com/oxjyfpvgs,negative
2025-08-16T23:43:21,MP,news,$MP Breaking: MP record revenue ğŸš€ #AI DYOR,positive
2025-08-17T00:04:21,MP,reddit,$MP @wsj MP beats expectations âœ… DYOR,positive
2025-08-17T01:09:21,TSLA,news,$TSLA IMO: TSLA rumors circulating ğŸ“Œ #markets,neutral
2025-08-17T01:39:21,TSLA,twitter,$TSLA @bespokeinvest TSLA shares unchanged ğŸ” #stocks,neutral
2025-08-17T01:55:21,SOFI,twitter,$SOFI SOFI sector rotation ğŸ“Œ,neutral
2025-08-17T02:44:21,TSLA,twitter,$TSLA FYI: TSLA crushing it ğŸ˜¤,positive
2025-08-17T03:54:21,AAPL,twitter,$AAPL @jimcramer Update: AAPL guidance raised ğŸ”¥ #options,positive
2025-08-17T04:14:21,MP,news,$MP @wsj FYI: MP macro headwinds ğŸ˜¬ #fintwit https://blog.finance/ethptpz,negative
2025-08-17T04:19:21,NVDA,twitter,$NVDA FYI: NVDA macro headwinds ğŸ’¥ #stocks,negative
2025-08-17T05:23:21,TSLA,news,$TSLA @wsj IMO: TSLA AI tailwinds âœ… #earnings http://example.com/ymvkbqbdo,positive
2025-08-17T06:16:21,TSLA,twitter,$TSLA FYI: TSLA missed revenue ğŸ“‰,negative
2025-08-17T06:44:21,NVDA,news,$NVDA @jimcramer Breaking: NVDA strong demand ğŸ’ http://example.com/reebalphg,positive
2025-08-17T06:47:21,MP,reddit,MP conference next week ğŸ¤” #markets,neutral
2025-08-17T06:52:21,SMR,twitter,Breaking: SMR expansion continues ğŸ”¥ #markets https://blog.finance/lmhkholpx,positive
2025-08-17T07:36:21,SMR,reddit,$SMR Update: SMR misses badly ğŸ©» #stocks,negative
2025-08-17T09:22:21,NVDA,news,$NVDA Heads up: NVDA beats expectations ğŸ”¥ #options,positive
2025-08-17T10:25:21,AAPL,reddit,$AAPL FYI: AAPL macro headwinds ğŸ“‰ #investing,negative
2025-08-17T10:40:21,SOFI,news,$SOFI @elonmusk IMO: SOFI misses badly ğŸ“‰ DYOR,negative
2025-08-17T11:23:21,SMR,reddit,$SMR @unusual_whales IMO: SMR strong demand ğŸš€ DYOR,positive
2025-08-17T14:06:21,SMR,twitter,@elonmusk SMR shares unchanged ğŸ” http://example.com/ooczxldvm,neutral
2025-08-17T14:26:21,SMR,news,$SMR FYI: SMR shares unchanged ğŸ” #fintwit,neutral
2025-08-17T14:27:21,SMR,news,$SMR IMO: SMR files 10-Q ğŸ“° #markets,neutral
2025-08-17T15:20:21,NVDA,news,$NVDA FYI: NVDA shares unchanged ğŸ§¾ #AI https://blog.finance/liesogubtsv,neutral
2025-08-17T18:04:21,SMR,reddit,$SMR FYI: SMR unveils new product ğŸ¤” #markets,neutral
2025-08-17T18:04:21,MP,news,@bespokeinvest Heads up: MP selloff incoming ğŸ“‰,negative
2025-08-17T18:47:21,MP,reddit,Update: MP expansion continues ğŸš€ #earnings,positive
2025-08-17T19:31:21,SOFI,news,$SOFI Heads up: SOFI beats expectations ğŸ“ˆ,positive
2025-08-17T19:55:21,AAPL,news,$AAPL Breaking: AAPL partnership win ğŸš€ #markets https://news.site/lgkreepjrm,positive
2025-08-17T20:01:21,TSLA,reddit,$TSLA IMO: TSLA expansion continues ğŸ’ DYOR,positive
2025-08-17T20:26:21,SOFI,reddit,$SOFI @wsj IMO: SOFI solid earnings ğŸ’ https://news.site/cjjhsavkawuz,positive
2025-08-17T20:44:21,MP,reddit,$MP @unusual_whales Heads up: MP AI tailwinds ğŸ’ #fintwit,positive
2025-08-17T20:57:21,MP,news,$MP MP no material update ğŸ¤” #markets,neutral
2025-08-17T21:25:21,MP,twitter,$MP @cnbc FYI: MP rips higher ğŸ’,positive
2025-08-17T23:03:21,SMR,reddit,$SMR IMO: SMR AI tailwinds ğŸ”¥ https://news.site/mbtfrr,positive
2025-08-18T01:07:21,SMR,reddit,$SMR IMO: SMR guidance cut ğŸ“‰ #investing,negative
2025-08-18T04:50:21,MP,reddit,$MP @bespokeinvest Heads up: MP rips higher ğŸ˜¤ http://example.com/xhkdyhmcxdlr,positive
2025-08-18T06:37:21,SMR,reddit,IMO: SMR trading flat ğŸ¤”,neutral
2025-08-18T06:38:21,MP,reddit,$MP @wsj Breaking: MP crushing it âœ…,positive
2025-08-18T07:15:21,MP,reddit,$MP IMO: MP unveils new product ğŸ” #fintwit,neutral
2025-08-18T09:32:21,AAPL,twitter,FYI: AAPL sector rotation ğŸ¤” #markets,neutral
2025-08-18T09:56:21,TSLA,reddit,$TSLA Heads up: TSLA record revenue ğŸ”¥ http://example.com/ucwdjupag DYOR,positive
2025-08-18T10:10:21,SOFI,news,$SOFI @wsj Update: SOFI rips higher ğŸ˜¤ #AI,positive
2025-08-18T10:23:21,AAPL,news,$AAPL Breaking: AAPL no material update ğŸ§¾ #AI,neutral
2025-08-18T11:07:21,AAPL,reddit,$AAPL @bespokeinvest FYI: AAPL range-bound action ğŸ” #earnings,neutral
2025-08-18T12:02:21,MP,reddit,$MP @bespokeinvest IMO: MP waiting for earnings ğŸ§¾ #investing https://blog.finance/lxkvksii,neutral
2025-08-18T12:13:21,TSLA,news,$TSLA @barronsonline Breaking: TSLA market indecisive ğŸ“° DYOR,neutral
2025-08-18T12:18:21,AAPL,news,$AAPL @wsj AAPL analyst upgrade ğŸ“ˆ,positive
2025-08-18T12:28:21,AAPL,reddit,$AAPL FYI: AAPL solid earnings ğŸ’ #AI http://example.com/vjtouvzvpq DYOR,positive
2025-08-18T12:31:21,MP,news,$MP Heads up: MP guidance raised ğŸš€ DYOR,positive
2025-08-18T13:17:21,TSLA,news,$TSLA Breaking: TSLA no material update ğŸ” #options https://news.site/ijsuocbeqrhr,neutral
2025-08-18T13:41:21,SOFI,reddit,$SOFI @barronsonline Breaking: SOFI supply issues ğŸ’¥ #investing,negative
2025-08-18T14:33:21,NVDA,twitter,@cnbc Heads up: NVDA crushing it âœ…,positive
2025-08-18T14:50:21,NVDA,reddit,$NVDA @cnbc IMO: NVDA rips higher ğŸš€ #fintwit,positive
2025-08-18T14:52:21,NVDA,twitter,$NVDA @elonmusk Heads up: NVDA strong demand ğŸ˜¤ #options,positive
2025-08-18T15:10:21,NVDA,twitter,@bespokeinvest IMO: NVDA strong demand ğŸš€ DYOR,positive
2025-08-18T15:51:21,AAPL,twitter,$AAPL @unusual_whales Heads up: AAPL waiting for earnings ğŸ§¾ http://example.com/ncnxjs,neutral
2025-08-18T15:54:21,TSLA,twitter,$TSLA @cnbc TSLA guidance cut ğŸ’¥ #markets,negative
2025-08-18T17:19:21,SMR,news,$SMR Heads up: SMR market indecisive ğŸ§¾ DYOR,neutral
2025-08-18T17:43:21,AAPL,reddit,$AAPL @elonmusk Heads up: AAPL weak outlook ğŸ¤¦ #earnings DYOR,negative
2025-08-18T18:06:21,NVDA,reddit,Update: NVDA rips higher ğŸ˜¤ #AI,positive
2025-08-18T19:10:21,MP,twitter,$MP @barronsonline Update: MP market indecisive ğŸ§¾ #stocks,neutral
2025-08-18T19:12:21,NVDA,news,$NVDA @jimcramer IMO: NVDA conference next week ğŸ§¾,neutral
2025-08-18T19:40:21,NVDA,reddit,$NVDA NVDA dilution fears ğŸ˜¬ #markets,negative
2025-08-18T20:01:21,NVDA,twitter,$NVDA NVDA rumors circulating ğŸ” DYOR,neutral
2025-08-18T20:59:21,AAPL,news,@jimcramer AAPL demand slowing ğŸ’¥ https://blog.finance/ijuvrv,negative
2025-08-19T00:04:21,MP,news,$MP Breaking: MP guidance cut ğŸ¤¦ #fintwit,negative
2025-08-19T00:15:21,SOFI,twitter,$SOFI @unusual_whales Breaking: SOFI under investigation ğŸ’¥ #options,negative
2025-08-19T00:33:21,AAPL,news,$AAPL @cnbc FYI: AAPL bullish momentum ğŸ“ˆ,positive
2025-08-19T00:39:21,TSLA,news,$TSLA FYI: TSLA new ATH ğŸš€,positive
2025-08-19T00:42:21,SOFI,twitter,$SOFI IMO: SOFI analyst upgrade ğŸ”¥ https://blog.finance/mhjnzvudgqwo DYOR,positive
2025-08-19T01:11:21,SMR,twitter,$SMR @bespokeinvest FYI: SMR supply issues ğŸ©» http://example.com/xykkjkcficsi DYOR,negative
2025-08-19T01:14:21,AAPL,reddit,$AAPL @jimcramer IMO: AAPL costs under control âœ… #stocks DYOR,positive
2025-08-19T01:26:21,TSLA,twitter,$TSLA @unusual_whales Heads up: TSLA missed revenue ğŸ¤¦ #stocks https://news.site/bvmnqoshajoe,negative
2025-08-19T02:02:21,SMR,reddit,$SMR Update: SMR conference next week ğŸ§¾ #AI DYOR,neutral
2025-08-19T03:26:21,SOFI,reddit,$SOFI Heads up: SOFI guidance raised ğŸ˜¤ #investing,positive
2025-08-19T04:12:21,MP,reddit,$MP @jimcramer FYI: MP selloff incoming ğŸ©»,negative
2025-08-19T04:14:21,SOFI,news,$SOFI IMO: SOFI files 10-Q ğŸ¤” #fintwit http://example.com/iikvm DYOR,neutral
2025-08-19T04:17:21,MP,twitter,@jimcramer Heads up: MP guidance raised ğŸ’ #markets,positive
2025-08-19T04:22:21,MP,reddit,$MP @jimcramer IMO: MP costs under control âœ… #markets,positive
2025-08-19T07:21:21,MP,reddit,$MP Update: MP rips higher âœ… #stocks https://blog.finance/hplrjbwjz,positive
2025-08-19T08:23:21,AAPL,twitter,$AAPL AAPL expansion continues ğŸ˜¤ DYOR,positive
2025-08-19T08:28:21,SMR,news,$SMR @jimcramer Heads up: SMR market indecisive ğŸ“° #options http://example.com/yjtonkqgctmk,neutral
2025-08-19T09:49:21,NVDA,reddit,$NVDA NVDA range-bound action ğŸ” DYOR,neutral
2025-08-19T12:18:21,AAPL,reddit,$AAPL @jimcramer Heads up: AAPL selloff incoming ğŸ¤¦,negative
2025-08-19T13:27:21,NVDA,reddit,$NVDA Breaking: NVDA files 10-Q ğŸ¤” DYOR,neutral
2025-08-19T14:15:21,SOFI,twitter,$SOFI @bespokeinvest FYI: SOFI sector rotation ğŸ§¾ https://news.site/zsntvbzqlri,neutral
2025-08-19T14:28:21,SMR,news,$SMR @bespokeinvest Breaking: SMR solid earnings ğŸ”¥,positive
2025-08-19T16:50:21,TSLA,reddit,$TSLA Heads up: TSLA range-bound action ğŸ¤” https://blog.finance/dhnneyers,neutral
2025-08-19T16:53:21,SMR,twitter,$SMR Update: SMR execution concerns ğŸ©» #fintwit,negative
2025-08-19T18:33:21,MP,twitter,$MP IMO: MP market indecisive ğŸ§¾ #markets,neutral
2025-08-19T20:14:21,AAPL,news,$AAPL @cnbc Heads up: AAPL unveils new product ğŸ¤” https://blog.finance/twzdjoimgg DYOR,neutral
2025-08-19T20:39:21,NVDA,reddit,$NVDA FYI: NVDA AI tailwinds ğŸ“ˆ,positive
2025-08-19T21:13:21,TSLA,twitter,$TSLA IMO: TSLA new ATH ğŸ“ˆ #AI,positive
2025-08-19T21:14:21,TSLA,news,$TSLA @unusual_whales TSLA bullish momentum ğŸš€ http://example.com/lwstjk,positive
2025-08-19T22:15:21,TSLA,reddit,$TSLA Update: TSLA missed revenue ğŸ˜¬ #options DYOR,negative
2025-08-20T01:20:21,AAPL,reddit,$AAPL @cnbc FYI: AAPL sector rotation ğŸ“Œ DYOR,neutral
2025-08-20T02:21:21,AAPL,twitter,$AAPL FYI: AAPL range-bound action ğŸ“Œ,neutral
2025-08-20T03:05:21,SMR,reddit,Heads up: SMR massive beat âœ… #options,positive
2025-08-20T03:10:21,MP,news,$MP @jimcramer Breaking: MP supply issues ğŸ“‰,negative
2025-08-20T03:27:21,MP,news,$MP @jimcramer Update: MP demand slowing ğŸ©» #investing https://news.site/nsujvgo,negative
2025-08-20T03:57:21,TSLA,twitter,$TSLA @cnbc IMO: TSLA new ATH ğŸ’ #options,positive
2025-08-20T05:25:21,MP,news,$MP @wsj MP beats expectations ğŸ˜¤ #AI http://example.com/xijusqspegof,positive
2025-08-20T06:18:21,NVDA,reddit,$NVDA @barronsonline Heads up: NVDA partnership win ğŸ”¥ #markets,positive
2025-08-20T06:26:21,SMR,news,@wsj FYI: SMR rumors circulating ğŸ” #earnings DYOR,neutral
2025-08-20T07:41:21,SOFI,news,$SOFI @bespokeinvest Heads up: SOFI guidance raised ğŸ˜¤ DYOR,positive
2025-08-20T07:56:21,SMR,news,$SMR Update: SMR margin pressure ğŸ’¥ #fintwit https://news.site/scuaoykywm DYOR,negative
2025-08-20T08:04:21,NVDA,reddit,@bespokeinvest FYI: NVDA shares unchanged ğŸ“° #investing DYOR,neutral
2025-08-20T08:07:21,TSLA,reddit,@unusual_whales IMO: TSLA costs under control ğŸ”¥ https://blog.finance/waoczhzom,positive
2025-08-20T08:32:21,SMR,reddit,$SMR @jimcramer IMO: SMR shares unchanged ğŸ¤” DYOR,neutral
2025-08-20T09:24:21,NVDA,reddit,$NVDA IMO: NVDA trading flat ğŸ¤” DYOR,neutral
2025-08-20T12:22:21,MP,twitter,$MP Breaking: MP massive beat ğŸ”¥ #fintwit,positive
2025-08-20T13:17:21,NVDA,reddit,$NVDA @wsj NVDA margin pressure ğŸ¤¦ #investing https://news.site/knxsidx,negative
2025-08-20T13:23:21,SMR,twitter,$SMR @bespokeinvest Heads up: SMR crushing it ğŸ”¥ #options,positive
2025-08-20T13:52:21,MP,twitter,$MP Breaking: MP record revenue ğŸ”¥ #options DYOR,positive
2025-08-20T18:53:21,SMR,twitter,@bespokeinvest FYI: SMR beats expectations ğŸ“ˆ #markets DYOR,positive
2025-08-20T19:32:21,TSLA,news,$TSLA Breaking: TSLA margin pressure ğŸ“‰ #options,negative
2025-08-20T19:36:21,SMR,reddit,$SMR @unusual_whales Breaking: SMR demand slowing ğŸ˜¬ DYOR,negative
2025-08-20T19:44:21,NVDA,news,Breaking: NVDA rips higher ğŸ“ˆ,positive
2025-08-20T19:52:21,TSLA,twitter,IMO: TSLA record revenue ğŸ˜¤ #AI,positive
2025-08-20T21:19:21,SOFI,reddit,$SOFI Breaking: SOFI conference next week ğŸ§¾ #options DYOR,neutral
2025-08-20T23:03:21,TSLA,twitter,@jimcramer Update: TSLA record revenue ğŸš€ #AI DYOR,positive
2025-08-20T23:57:21,NVDA,twitter,Breaking: NVDA guidance raised ğŸ”¥ #investing,positive
2025-08-21T02:59:21,AAPL,twitter,$AAPL @bespokeinvest AAPL under investigation ğŸ©» https://blog.finance/kgfwb,negative
2025-08-21T03:37:21,NVDA,twitter,$NVDA NVDA range-bound action ğŸ§¾ http://example.com/khoptero DYOR,neutral
2025-08-21T04:08:21,NVDA,news,$NVDA @barronsonline IMO: NVDA expansion continues âœ… #AI https://blog.finance/gfwdmbkknkgi DYOR,positive
2025-08-21T04:13:21,SOFI,reddit,$SOFI @wsj IMO: SOFI guidance cut âŒ,negative
2025-08-21T05:37:21,TSLA,news,$TSLA @wsj Heads up: TSLA range-bound action ğŸ§¾ http://example.com/ttxssk DYOR,neutral
2025-08-21T05:47:21,NVDA,reddit,$NVDA @wsj Heads up: NVDA strong demand âœ… #AI,positive
2025-08-21T06:33:21,MP,reddit,$MP @bespokeinvest FYI: MP sector rotation ğŸ¤” https://blog.finance/hffogoyitms,neutral
2025-08-21T08:08:21,SOFI,twitter,$SOFI IMO: SOFI partnership win ğŸ’ #options,positive
2025-08-21T10:07:21,SMR,twitter,Breaking: SMR execution concerns ğŸ©» #markets DYOR,negative
2025-08-21T12:53:21,TSLA,twitter,$TSLA @jimcramer TSLA under investigation âŒ,negative
2025-08-21T13:02:21,AAPL,twitter,$AAPL @jimcramer Heads up: AAPL missed revenue âŒ #earnings https://blog.finance/uxccdenvgkj,negative
2025-08-21T13:45:21,SMR,twitter,$SMR Breaking: SMR partnership win ğŸ”¥,positive
2025-08-21T15:05:21,AAPL,reddit,$AAPL @elonmusk AAPL waiting for earnings ğŸ” #AI,neutral
2025-08-21T16:39:21,NVDA,news,FYI: NVDA AI tailwinds ğŸš€ #markets,positive
2025-08-21T17:01:21,NVDA,twitter,$NVDA @bespokeinvest Update: NVDA costs under control ğŸš€ https://news.site/yptsk DYOR,positive
2025-08-21T18:19:21,TSLA,news,$TSLA @bespokeinvest Heads up: TSLA crushing it ğŸ“ˆ #investing https://blog.finance/nzblvi,positive
2025-08-21T18:57:21,MP,news,$MP FYI: MP demand slowing ğŸ“‰ http://example.com/sqticaijhde,negative
2025-08-21T18:57:21,SMR,reddit,$SMR @barronsonline IMO: SMR profit warning ğŸ˜¬ #options,negative
2025-08-21T19:28:21,SMR,news,$SMR @elonmusk Update: SMR strong demand ğŸš€ #earnings DYOR,positive
2025-08-21T20:43:21,SOFI,reddit,$SOFI FYI: SOFI profit warning ğŸ©» #fintwit DYOR,negative
2025-08-21T21:39:21,NVDA,reddit,$NVDA @wsj IMO: NVDA guidance raised âœ… #markets https://news.site/smqldakv,positive
2025-08-22T00:25:21,NVDA,reddit,$NVDA Update: NVDA macro headwinds ğŸ“‰ #earnings,negative
2025-08-22T00:49:21,SOFI,reddit,@jimcramer SOFI massive beat âœ… #options,positive
2025-08-22T01:09:21,NVDA,reddit,@bespokeinvest FYI: NVDA macro headwinds ğŸ©»,negative
2025-08-22T01:47:21,SOFI,news,$SOFI Breaking: SOFI crushing it âœ…,positive
2025-08-22T02:11:21,SOFI,twitter,$SOFI SOFI no material update ğŸ“Œ #AI https://blog.finance/pnywkazsvpxc DYOR,neutral
2025-08-22T02:45:21,MP,reddit,$MP MP massive beat ğŸ˜¤,positive
2025-08-22T02:57:21,SOFI,twitter,$SOFI Update: SOFI beats expectations ğŸš€ #investing,positive
2025-08-22T03:30:21,SOFI,reddit,$SOFI Heads up: SOFI record revenue ğŸ˜¤,positive
2025-08-22T03:35:21,AAPL,twitter,$AAPL @unusual_whales FYI: AAPL range-bound action ğŸ¤” #earnings,neutral
2025-08-22T03:37:21,MP,reddit,$MP Breaking: MP sector rotation ğŸ“° #earnings,neutral
2025-08-22T05:08:21,TSLA,news,$TSLA @bespokeinvest IMO: TSLA crushing it ğŸ“ˆ https://news.site/erktwll DYOR,positive
2025-08-22T05:15:21,TSLA,twitter,$TSLA @elonmusk Update: TSLA supply issues ğŸ¤¦ #earnings http://example.com/rmzikkcjl DYOR,negative
2025-08-22T06:27:21,MP,news,$MP Heads up: MP shares unchanged ğŸ§¾ #earnings https://news.site/nkdjeqs,neutral
2025-08-22T07:04:21,TSLA,news,$TSLA @unusual_whales IMO: TSLA selloff incoming ğŸ“‰,negative
2025-08-22T07:24:21,SOFI,twitter,IMO: SOFI under investigation ğŸ“‰ #AI,negative
2025-08-22T07:35:21,SOFI,twitter,$SOFI Heads up: SOFI rips higher ğŸ“ˆ #fintwit DYOR,positive
2025-08-22T08:25:21,SOFI,news,$SOFI @elonmusk Heads up: SOFI partnership win âœ…,positive
2025-08-22T09:35:21,AAPL,news,$AAPL @jimcramer AAPL market indecisive ğŸ§¾ http://example.com/gwcwdvftrwpl,neutral
2025-08-22T09:37:21,TSLA,twitter,$TSLA @bespokeinvest FYI: TSLA unveils new product ğŸ§¾ #investing https://blog.finance/ynxvdtkbh,neutral
2025-08-22T11:12:21,MP,twitter,$MP MP under investigation ğŸ’¥ #fintwit,negative
2025-08-22T11:15:21,SOFI,reddit,$SOFI Breaking: SOFI new ATH ğŸš€ #investing https://news.site/yiauttlrjbnf,positive
2025-08-22T13:59:21,TSLA,reddit,$TSLA @bespokeinvest FYI: TSLA guidance raised ğŸ’ #AI,positive
2025-08-22T15:40:21,AAPL,twitter,$AAPL FYI: AAPL conference next week ğŸ” #stocks,neutral
2025-08-22T15:57:21,MP,twitter,$MP Heads up: MP no material update ğŸ“Œ #earnings https://news.site/bqstlcc DYOR,neutral
2025-08-22T16:58:21,AAPL,twitter,$AAPL @elonmusk AAPL trading flat ğŸ¤” #stocks,neutral
2025-08-22T17:01:21,TSLA,reddit,$TSLA Breaking: TSLA conference next week ğŸ¤” #earnings DYOR,neutral
2025-08-22T17:14:21,TSLA,news,$TSLA Update: TSLA demand slowing ğŸ’¥,negative
2025-08-22T17:34:21,MP,news,$MP @cnbc Breaking: MP massive beat âœ… http://example.com/jlugqgpshya,positive
2025-08-22T19:03:21,NVDA,twitter,$NVDA Heads up: NVDA analyst upgrade ğŸ“ˆ,positive
2025-08-22T19:11:21,TSLA,reddit,$TSLA Breaking: TSLA waiting for earnings ğŸ“° #stocks,neutral
2025-08-22T19:53:21,TSLA,reddit,$TSLA FYI: TSLA execution concerns âŒ,negative
2025-08-22T20:43:21,AAPL,news,$AAPL @elonmusk IMO: AAPL rips higher ğŸš€ #investing,positive
2025-08-22T21:11:21,SOFI,news,$SOFI FYI: SOFI strong demand ğŸš€ #earnings http://example.com/nkqvrbs,positive
2025-08-22T21:58:21,TSLA,twitter,@bespokeinvest Update: TSLA under investigation ğŸ©» #investing,negative
2025-08-22T22:37:21,AAPL,twitter,$AAPL @wsj Update: AAPL partnership win ğŸ”¥ #markets DYOR,positive
2025-08-22T22:40:21,TSLA,news,$TSLA @elonmusk Heads up: TSLA record revenue ğŸ’ http://example.com/socljmojg DYOR,positive
2025-08-23T01:13:21,SMR,news,$SMR Breaking: SMR lawsuit risk ğŸ©» http://example.com/jxeyausrfgxi,negative
2025-08-23T03:04:21,SMR,reddit,$SMR @cnbc Update: SMR guidance cut âŒ DYOR,negative
2025-08-23T03:40:21,SOFI,reddit,$SOFI Breaking: SOFI profit warning ğŸ˜¬ #earnings,negative
2025-08-23T03:59:21,SMR,twitter,$SMR @unusual_whales FYI: SMR new ATH ğŸ’,positive
2025-08-23T04:39:21,TSLA,twitter,$TSLA @unusual_whales TSLA waiting for earnings ğŸ“° DYOR,neutral
2025-08-23T05:43:21,MP,reddit,$MP @bespokeinvest FYI: MP AI tailwinds ğŸ˜¤ #stocks DYOR,positive
2025-08-23T05:55:21,NVDA,twitter,NVDA beats expectations ğŸ”¥,positive
2025-08-23T06:48:21,SMR,twitter,$SMR @bespokeinvest Update: SMR rumors circulating ğŸ¤” #investing DYOR,neutral
2025-08-23T06:56:21,NVDA,reddit,$NVDA Heads up: NVDA dilution fears ğŸ“‰ #fintwit http://example.com/upeemkn,negative
2025-08-23T07:05:21,TSLA,reddit,$TSLA @cnbc TSLA shares unchanged ğŸ” #investing DYOR,neutral
2025-08-23T07:21:21,NVDA,twitter,$NVDA @bespokeinvest Breaking: NVDA guidance cut ğŸ¤¦ http://example.com/ywooc DYOR,negative
2025-08-23T07:52:21,TSLA,twitter,$TSLA FYI: TSLA misses badly ğŸ©» #AI,negative
2025-08-23T09:17:21,MP,twitter,$MP Breaking: MP solid earnings ğŸ“ˆ https://blog.finance/vcwvdybylsmj,positive
2025-08-23T09:47:21,SOFI,reddit,$SOFI @barronsonline FYI: SOFI costs under control ğŸ“ˆ #investing,positive
2025-08-23T09:47:21,NVDA,twitter,$NVDA @cnbc Breaking: NVDA costs under control ğŸ”¥,positive
2025-08-23T11:18:21,MP,news,Heads up: MP record revenue ğŸš€ #markets,positive
2025-08-23T12:29:21,SMR,reddit,$SMR @cnbc Breaking: SMR waiting for earnings ğŸ“Œ DYOR,neutral
2025-08-23T12:54:21,SOFI,news,Breaking: SOFI bullish momentum ğŸ“ˆ #fintwit https://blog.finance/tyozk,positive
2025-08-23T15:00:21,TSLA,twitter,$TSLA Heads up: TSLA CEO interview airs ğŸ§¾ https://blog.finance/yooezwmimc DYOR,neutral
2025-08-23T15:20:21,TSLA,twitter,$TSLA FYI: TSLA missed revenue ğŸ“‰ http://example.com/bdsdcnjbsr,negative
2025-08-23T15:44:21,NVDA,reddit,IMO: NVDA sector rotation ğŸ¤”,neutral
2025-08-23T17:07:21,TSLA,news,Heads up: TSLA missed revenue ğŸ¤¦ #options,negative
2025-08-23T18:05:21,MP,news,$MP @jimcramer Update: MP supply issues ğŸ’¥ #markets DYOR,negative
2025-08-23T18:09:21,SMR,reddit,$SMR IMO: SMR dilution fears âŒ #investing https://news.site/excsqxlggb,negative
2025-08-23T18:29:21,AAPL,news,$AAPL FYI: AAPL beats expectations ğŸš€,positive
2025-08-23T18:59:21,SMR,reddit,$SMR SMR conference next week ğŸ” #AI http://example.com/agcixebyz,neutral
2025-08-23T19:16:21,SMR,reddit,$SMR Update: SMR partnership win ğŸš€ http://example.com/fesssghgbo,positive
2025-08-23T20:14:21,TSLA,twitter,$TSLA @jimcramer TSLA bullish momentum ğŸš€ http://example.com/ehcvikmr DYOR,positive
2025-08-23T20:42:21,SMR,reddit,@barronsonline Breaking: SMR selloff incoming ğŸ˜¬ #AI https://news.site/dscrv,negative
2025-08-23T22:58:21,SMR,twitter,$SMR IMO: SMR analyst upgrade ğŸš€,positive
2025-08-23T23:50:21,SMR,twitter,$SMR SMR market indecisive ğŸ“Œ #options,neutral
2025-08-23T23:58:21,MP,news,@cnbc FYI: MP files 10-Q ğŸ“° https://news.site/zlzqvg,neutral
2025-08-24T00:43:21,AAPL,twitter,$AAPL @wsj Update: AAPL waiting for earnings ğŸ§¾ #markets https://blog.finance/cdopzccuuww,neutral
2025-08-24T01:37:21,NVDA,reddit,$NVDA @cnbc Heads up: NVDA expansion continues âœ… #options,positive
2025-08-24T03:00:21,AAPL,reddit,$AAPL @barronsonline Heads up: AAPL costs under control ğŸ’ https://news.site/hmscwdzlv,positive
2025-08-24T03:51:21,SOFI,news,$SOFI @unusual_whales IMO: SOFI no material update ğŸ“°,neutral
2025-08-24T04:22:21,AAPL,news,$AAPL IMO: AAPL profit warning ğŸ’¥ #markets,negative
2025-08-24T04:51:21,TSLA,twitter,$TSLA @wsj TSLA CEO interview airs ğŸ“° #earnings,neutral
2025-08-24T05:08:21,MP,twitter,$MP @barronsonline FYI: MP no material update ğŸ“°,neutral
2025-08-24T05:30:21,NVDA,twitter,$NVDA @cnbc Update: NVDA shares unchanged ğŸ“° http://example.com/rgkautax,neutral
2025-08-24T07:26:21,SMR,twitter,$SMR SMR crushing it ğŸ’,positive
2025-08-24T07:35:21,SOFI,reddit,$SOFI @bespokeinvest Update: SOFI new ATH ğŸ’ #stocks https://blog.finance/ophrmihihr,positive
2025-08-24T07:39:21,MP,reddit,$MP @elonmusk Update: MP CEO interview airs ğŸ¤” #earnings,neutral
2025-08-24T08:11:21,MP,reddit,@jimcramer Breaking: MP guidance raised ğŸ’ #options,positive
2025-08-24T09:26:21,MP,twitter,$MP @jimcramer Heads up: MP expansion continues ğŸ“ˆ #markets https://blog.finance/hmtsoxy,positive
2025-08-24T10:35:21,MP,twitter,$MP IMO: MP under investigation ğŸ˜¬ https://news.site/mdbqpqmfd,negative
2025-08-24T10:49:21,SMR,reddit,@cnbc Heads up: SMR waiting for earnings ğŸ“° #options,neutral
2025-08-24T11:45:21,TSLA,reddit,$TSLA @wsj TSLA execution concerns ğŸ¤¦ http://example.com/lfuoe,negative
2025-08-24T12:19:21,AAPL,twitter,$AAPL @barronsonline IMO: AAPL margin pressure ğŸ“‰ #options https://news.site/xtnaa,negative
2025-08-24T13:22:21,TSLA,news,$TSLA @bespokeinvest Update: TSLA costs under control ğŸ’ #stocks,positive
2025-08-24T14:34:21,NVDA,reddit,$NVDA @jimcramer FYI: NVDA lawsuit risk âŒ #AI DYOR,negative
2025-08-24T14:42:21,SOFI,twitter,$SOFI @jimcramer Breaking: SOFI CEO interview airs ğŸ¤” #fintwit https://blog.finance/jquqp DYOR,neutral
2025-08-24T15:32:21,AAPL,news,$AAPL @barronsonline IMO: AAPL AI tailwinds ğŸš€ #earnings DYOR,positive
2025-08-24T16:01:21,MP,news,$MP MP demand slowing ğŸ©» #options DYOR,negative
2025-08-24T16:23:21,AAPL,news,$AAPL @elonmusk IMO: AAPL range-bound action ğŸ§¾ #fintwit,neutral
2025-08-24T16:32:21,TSLA,reddit,$TSLA @barronsonline FYI: TSLA range-bound action ğŸ” DYOR,neutral
2025-08-24T16:49:21,AAPL,news,$AAPL FYI: AAPL guidance cut ğŸ©» DYOR,negative
2025-08-24T17:27:21,MP,twitter,$MP Heads up: MP shares unchanged ğŸ¤” #stocks,neutral
2025-08-24T18:08:21,NVDA,reddit,$NVDA Breaking: NVDA record revenue ğŸ˜¤ DYOR,positive
2025-08-24T18:12:21,TSLA,news,$TSLA Update: TSLA expansion continues ğŸ”¥ #investing https://news.site/cklvrmk,positive
2025-08-24T19:25:21,TSLA,twitter,Breaking: TSLA files 10-Q ğŸ“° #options,neutral
2025-08-24T20:13:21,SOFI,twitter,$SOFI SOFI trading flat ğŸ”,neutral
2025-08-24T20:57:21,SOFI,reddit,$SOFI @jimcramer Heads up: SOFI conference next week ğŸ” #markets,neutral
2025-08-25T00:37:21,SMR,news,Heads up: SMR trading flat ğŸ¤” #investing DYOR,neutral
2025-08-25T04:09:21,MP,news,$MP IMO: MP under investigation ğŸ“‰ #markets,negative
2025-08-25T04:22:21,AAPL,twitter,$AAPL @barronsonline FYI: AAPL demand slowing ğŸ’¥ #AI https://news.site/bfqkglulw,negative
2025-08-25T04:38:21,AAPL,reddit,$AAPL @bespokeinvest Update: AAPL range-bound action ğŸ“° #stocks,neutral
2025-08-25T04:43:21,MP,reddit,$MP IMO: MP dilution fears âŒ DYOR,negative
2025-08-25T05:21:21,TSLA,reddit,$TSLA TSLA sector rotation ğŸ§¾ DYOR,neutral
2025-08-25T07:09:21,MP,twitter,$MP Heads up: MP unveils new product ğŸ“Œ #earnings DYOR,neutral
2025-08-25T08:44:21,TSLA,reddit,$TSLA FYI: TSLA files 10-Q ğŸ” #markets,neutral
2025-08-25T10:48:21,TSLA,news,$TSLA @jimcramer TSLA bullish momentum ğŸš€ #markets,positive
2025-08-25T11:26:21,SMR,news,$SMR Update: SMR massive beat âœ…,positive
2025-08-25T12:06:21,SMR,twitter,$SMR Breaking: SMR partnership win ğŸ“ˆ #options,positive
2025-08-25T14:09:21,SOFI,reddit,$SOFI @wsj Heads up: SOFI margin pressure ğŸ¤¦ #fintwit https://blog.finance/voitoffsr,negative
2025-08-25T14:29:21,TSLA,news,$TSLA Heads up: TSLA expansion continues ğŸ”¥,positive
2025-08-25T15:45:21,SMR,news,$SMR Update: SMR demand slowing ğŸ¤¦ #markets DYOR,negative
2025-08-25T17:53:21,AAPL,twitter,$AAPL @wsj FYI: AAPL downgraded to sell ğŸ’¥ DYOR,negative
2025-08-25T19:04:21,AAPL,news,$AAPL Heads up: AAPL record revenue ğŸ’ https://blog.finance/toguuhry,positive
2025-08-25T19:23:21,MP,reddit,$MP @bespokeinvest IMO: MP missed revenue ğŸ©»,negative
2025-08-25T19:28:21,MP,reddit,$MP MP record revenue ğŸ“ˆ http://example.com/eenjlo DYOR,positive
2025-08-25T19:38:21,SMR,reddit,$SMR Breaking: SMR beats expectations ğŸ’ #earnings,positive
2025-08-25T20:56:21,MP,news,$MP Heads up: MP no material update ğŸ“Œ #investing http://example.com/nueokjw,neutral
2025-08-25T21:42:21,NVDA,reddit,IMO: NVDA guidance raised ğŸ”¥,positive
2025-08-25T22:02:21,AAPL,twitter,$AAPL Update: AAPL expansion continues ğŸ’ http://example.com/jucgsanunn,positive
2025-08-25T22:33:21,NVDA,news,$NVDA FYI: NVDA under investigation ğŸ˜¬,negative
2025-08-25T23:29:21,MP,twitter,@elonmusk FYI: MP CEO interview airs ğŸ¤” #investing,neutral
2025-08-25T23:38:21,SOFI,news,$SOFI @barronsonline SOFI AI tailwinds ğŸš€ #stocks http://example.com/oofgkqlar,positive
2025-08-26T00:05:21,MP,news,$MP MP margin pressure ğŸ©»,negative
2025-08-26T00:16:21,NVDA,news,$NVDA IMO: NVDA guidance raised ğŸ“ˆ #markets,positive
